{"stats":{"minecraft:killed":{"minecraft:spider":1,"minecraft:iron_golem":1},"minecraft:mined":{"minecraft:spruce_sapling":1,"minecraft:wheat":2,"minecraft:spruce_log":10,"minecraft:powder_snow":48,"minecraft:crafting_table":1,"minecraft:coal_ore":27,"minecraft:potatoes":5,"minecraft:dirt":6,"minecraft:packed_ice":5,"minecraft:spruce_leaves":6,"minecraft:stone":6,"minecraft:composter":1},"minecraft:picked_up":{"minecraft:crafting_table":1,"minecraft:wheat":1,"minecraft:composter":1,"minecraft:potato":8,"minecraft:spruce_sapling":3,"minecraft:spruce_log":10,"minecraft:dirt":5,"minecraft:string":2,"apocalypsenow:cooked_human_flesh":2,"minecraft:arrow":2,"minecraft:rotten_flesh":4,"minecraft:wheat_seeds":4,"minecraft:iron_ingot":5,"minecraft:poppy":1,"minecraft:spruce_slab":1,"minecraft:coal":26,"minecraft:cobblestone":4},"minecraft:crafted":{"minecraft:red_dye":1,"minecraft:shield":2,"minecraft:crafting_table":1,"minecraft:spruce_slab":12,"minecraft:spruce_planks":24,"minecraft:stick":4,"minecraft:iron_ingot":1,"minecraft:iron_pickaxe":1,"minecraft:composter":1,"minecraft:air":0},"minecraft:dropped":{"minecraft:shield":1,"minecraft:rotten_flesh":4,"minecraft:iron_boots":1,"minecraft:string":2,"minecraft:spruce_sapling":1},"minecraft:custom":{"minecraft:time_since_rest":14846,"minecraft:interact_with_furnace":3,"minecraft:sprint_one_cm":37433,"minecraft:walk_one_cm":47768,"minecraft:damage_taken":160,"minecraft:mob_kills":3,"minecraft:drop":9,"minecraft:damage_dealt":1119,"minecraft:talked_to_villager":2,"minecraft:interact_with_crafting_table":4,"minecraft:fly_one_cm":91562,"minecraft:open_chest":10,"minecraft:crouch_one_cm":561,"minecraft:play_time":14846,"minecraft:sneak_time":458,"minecraft:walk_under_water_one_cm":1202,"minecraft:jump":436,"minecraft:walk_on_water_one_cm":3178,"minecraft:time_since_death":14846,"minecraft:total_world_time":14846,"minecraft:fall_one_cm":7822},"minecraft:used":{"minecraft:wheat_seeds":4,"apocalypsenow:cooked_human_flesh":2,"minecraft:spruce_slab":1,"minecraft:iron_pickaxe":47,"minecraft:composter":2,"minecraft:iron_sword":23,"minecraft:iron_boots":1,"minecraft:spruce_sapling":2,"minecraft:iron_chestplate":1,"minecraft:dirt":5,"minecraft:cobblestone":3,"minecraft:bow":3,"minecraft:crafting_table":1,"minecraft:potato":10,"minecraft:spruce_log":4,"minecraft:iron_leggings":1}},"DataVersion":3120}