{"stats":{"minecraft:mined":{"minecraft:brewing_stand":1,"spore:lab_block2":1,"minecraft:gray_stained_glass_pane":2,"spore:lab_block3":2,"minecraft:grass_block":3,"apocalypsenow:brokenoldradio":1,"minecraft:deepslate_bricks":2,"minecraft:coal_block":15,"minecraft:spruce_leaves":6,"minecraft:composter":1,"minecraft:chiseled_stone_bricks":1,"minecraft:spawner":1,"minecraft:smooth_stone":1,"minecraft:spruce_sapling":1,"minecraft:furnace":1,"spore:cdu":1,"minecraft:andesite":1,"minecraft:potatoes":5,"minecraft:packed_ice":152,"minecraft:stone":11,"minecraft:iron_block":7,"spore:vent_plate":3,"minecraft:smithing_table":1,"spore:vent_door":1,"minecraft:smoker":1,"minecraft:stone_brick_slab":1,"minecraft:powder_snow":55,"minecraft:crafting_table":1,"minecraft:blast_furnace":3,"minecraft:cobblestone":4,"minecraft:tall_grass":2,"minecraft:deepslate_coal_ore":2,"minecraft:sugar_cane":2,"minecraft:blue_bed":2,"minecraft:stripped_spruce_wood":5,"minecraft:wheat":2,"minecraft:blue_ice":41,"minecraft:spruce_log":10,"minecraft:light_gray_wool":1,"minecraft:stone_brick_stairs":2,"minecraft:coal_ore":27,"minecraft:dirt":9,"minecraft:gravel":1,"minecraft:sand":20,"minecraft:polished_andesite":3,"minecraft:oak_leaves":2},"minecraft:killed":{"spore:inf_hazmat":3,"minecraft:spider":2,"minecraft:drowned":2,"minecraft:iron_golem":1,"spore:inf_pillager":2,"spore:inf_villager":1,"spore:inf_human":2},"minecraft:picked_up":{"minecraft:crafting_table":1,"minecraft:wheat":1,"minecraft:smithing_table":1,"spore:lab_block3":1,"minecraft:brewing_stand":1,"spore:lab_block2":1,"minecraft:string":2,"tacz:ammo":30,"minecraft:smooth_stone":2,"minecraft:spruce_planks":1,"minecraft:poppy":1,"minecraft:spruce_slab":1,"minecraft:sugar_cane":7,"minecraft:coal_block":16,"minecraft:composter":1,"minecraft:stone_button":1,"minecraft:arrow":13,"minecraft:rotten_flesh":4,"minecraft:deepslate_bricks":2,"minecraft:iron_block":5,"minecraft:cobblestone":10,"spore:cdu":1,"minecraft:andesite":1,"minecraft:potato":8,"minecraft:smoker":1,"minecraft:stripped_spruce_wood":5,"minecraft:gunpowder":2,"minecraft:dirt":9,"minecraft:blue_bed":2,"minecraft:lantern":1,"apocalypsenow:cooked_human_flesh":2,"minecraft:wheat_seeds":4,"minecraft:iron_ingot":5,"minecraft:cooked_chicken":5,"spore:mutated_fiber":6,"spore:vent_door":1,"apocalypsenow:brokenoldradio":1,"spore:cerebrum":1,"minecraft:chiseled_stone_bricks":1,"minecraft:stone_brick_slab":1,"minecraft:gravel":1,"minecraft:sand":20,"minecraft:spruce_sapling":3,"minecraft:blast_furnace":2,"minecraft:spruce_log":10,"minecraft:bundle":1,"spore:vent_plate":12,"minecraft:polished_andesite":3,"tacz:modern_kinetic_gun":3,"minecraft:iron_helmet":1,"minecraft:bread":10,"minecraft:oak_sapling":1,"minecraft:coal":29},"minecraft:crafted":{"minecraft:spruce_slab":12,"minecraft:coal_block":5,"minecraft:red_dye":1,"minecraft:crafting_table":3,"minecraft:spruce_planks":36,"minecraft:air":0,"minecraft:shield":2,"minecraft:stick":8,"minecraft:iron_ingot":10,"minecraft:iron_pickaxe":2,"minecraft:composter":1},"minecraft:dropped":{"minecraft:bread":10,"minecraft:iron_helmet":1,"minecraft:cobblestone":3,"minecraft:coal":2,"minecraft:polished_andesite":3,"minecraft:iron_block":1,"tacz:modern_kinetic_gun":2,"minecraft:string":2,"minecraft:blue_bed":1,"minecraft:spruce_sapling":1,"minecraft:cooked_chicken":5,"minecraft:rotten_flesh":4,"minecraft:iron_boots":1,"minecraft:chiseled_stone_bricks":1,"minecraft:filled_map":1,"minecraft:shield":1,"minecraft:andesite":1,"minecraft:oak_sapling":1},"minecraft:custom":{"minecraft:interact_with_smithing_table":1,"minecraft:mob_kills":14,"minecraft:interact_with_crafting_table":8,"minecraft:open_barrel":3,"minecraft:leave_game":1,"minecraft:time_since_death":30603,"minecraft:climb_one_cm":10841,"minecraft:sprint_one_cm":194750,"minecraft:walk_one_cm":344181,"minecraft:drop":38,"minecraft:talked_to_villager":3,"minecraft:play_time":86499,"minecraft:deaths":2,"minecraft:sneak_time":1061,"minecraft:walk_under_water_one_cm":48718,"minecraft:jump":2405,"minecraft:walk_on_water_one_cm":74889,"minecraft:total_world_time":86499,"minecraft:interact_with_furnace":5,"minecraft:interact_with_stonecutter":1,"minecraft:sleep_in_bed":1,"minecraft:time_since_rest":30360,"minecraft:open_enderchest":2,"minecraft:damage_taken":1519,"minecraft:damage_dealt":1520,"minecraft:fly_one_cm":554638,"minecraft:swim_one_cm":182017,"minecraft:open_chest":103,"minecraft:crouch_one_cm":959,"tombstone:undead_killed":2,"minecraft:fall_one_cm":38951},"minecraft:used":{"minecraft:spruce_slab":6,"minecraft:spruce_planks":3,"minecraft:iron_sword":46,"minecraft:cooked_chicken":4,"minecraft:iron_chestplate":1,"minecraft:dirt":8,"spore:lab_block3":1,"minecraft:carrot":20,"minecraft:stone_brick_slab":1,"minecraft:lantern":1,"minecraft:iron_helmet":1,"minecraft:iron_boots":2,"minecraft:bow":24,"tombstone:gift":1,"minecraft:potato":10,"minecraft:iron_leggings":1,"minecraft:wheat_seeds":4,"apocalypsenow:cooked_human_flesh":2,"minecraft:composter":2,"minecraft:crafting_table":4,"minecraft:blast_furnace":2,"minecraft:spruce_log":4,"minecraft:smoker":1,"minecraft:bread":10,"minecraft:iron_pickaxe":264,"minecraft:spruce_sapling":2,"minecraft:gravel":1,"minecraft:cobblestone":5,"spore:lab_block2":1,"minecraft:smooth_stone":2}},"DataVersion":3120}