{"stats":{"minecraft:killed":{"minecraft:spider":1,"minecraft:iron_golem":1},"minecraft:picked_up":{"minecraft:crafting_table":1,"minecraft:wheat":1,"minecraft:potato":8,"spore:lab_block3":1,"minecraft:stripped_spruce_wood":2,"spore:lab_block2":1,"minecraft:string":2,"minecraft:dirt":5,"apocalypsenow:cooked_human_flesh":2,"minecraft:wheat_seeds":4,"minecraft:iron_ingot":5,"minecraft:poppy":1,"minecraft:spruce_slab":1,"spore:vent_door":1,"minecraft:composter":1,"minecraft:spruce_sapling":3,"minecraft:blast_furnace":2,"minecraft:spruce_log":10,"spore:vent_plate":12,"minecraft:arrow":2,"minecraft:rotten_flesh":4,"minecraft:deepslate_bricks":2,"minecraft:iron_block":1,"minecraft:coal":26,"minecraft:cobblestone":5},"minecraft:mined":{"spore:vent_plate":3,"spore:vent_door":1,"minecraft:powder_snow":48,"spore:lab_block2":1,"minecraft:crafting_table":1,"spore:lab_block3":2,"minecraft:blast_furnace":3,"minecraft:deepslate_bricks":2,"minecraft:cobblestone":2,"minecraft:spruce_leaves":6,"minecraft:composter":1,"minecraft:spruce_sapling":1,"minecraft:stripped_spruce_wood":2,"minecraft:wheat":2,"minecraft:blue_ice":8,"minecraft:spruce_log":10,"minecraft:potatoes":5,"minecraft:coal_ore":27,"minecraft:dirt":6,"minecraft:packed_ice":5,"minecraft:stone":6,"minecraft:iron_block":3},"minecraft:crafted":{"minecraft:red_dye":1,"minecraft:crafting_table":1,"minecraft:spruce_planks":24,"minecraft:air":0,"minecraft:shield":2,"minecraft:spruce_slab":12,"minecraft:stick":4,"minecraft:iron_ingot":1,"minecraft:iron_pickaxe":1,"minecraft:composter":1},"minecraft:dropped":{"minecraft:rotten_flesh":4,"minecraft:iron_boots":1,"minecraft:shield":1,"minecraft:string":2,"minecraft:spruce_sapling":1},"minecraft:custom":{"minecraft:interact_with_furnace":3,"minecraft:mob_kills":3,"minecraft:interact_with_crafting_table":4,"minecraft:time_since_death":20846,"minecraft:climb_one_cm":6753,"minecraft:time_since_rest":20846,"minecraft:sprint_one_cm":39392,"minecraft:open_enderchest":1,"minecraft:damage_taken":170,"minecraft:walk_one_cm":64215,"minecraft:drop":9,"minecraft:damage_dealt":1119,"minecraft:talked_to_villager":2,"minecraft:fly_one_cm":91648,"minecraft:open_chest":26,"minecraft:crouch_one_cm":655,"minecraft:play_time":20846,"minecraft:sneak_time":813,"minecraft:walk_under_water_one_cm":3585,"minecraft:jump":495,"minecraft:walk_on_water_one_cm":6253,"minecraft:total_world_time":20846,"minecraft:fall_one_cm":8366},"minecraft:used":{"minecraft:wheat_seeds":4,"apocalypsenow:cooked_human_flesh":2,"minecraft:spruce_slab":2,"minecraft:iron_sword":23,"minecraft:composter":2,"minecraft:iron_chestplate":1,"minecraft:dirt":5,"minecraft:crafting_table":1,"spore:lab_block3":1,"minecraft:blast_furnace":2,"minecraft:spruce_log":4,"minecraft:bread":2,"minecraft:iron_pickaxe":72,"minecraft:iron_helmet":1,"minecraft:iron_boots":2,"minecraft:spruce_sapling":2,"minecraft:cobblestone":4,"minecraft:bow":3,"spore:lab_block2":1,"minecraft:potato":10,"minecraft:iron_leggings":1}},"DataVersion":3120}