{"stats":{"minecraft:picked_up":{"spore:mutated_heart":2,"minecraft:crafting_table":2,"minecraft:wheat":1,"apocalypsenow:corpsesack":2,"minecraft:chicken":6,"minecraft:smithing_table":1,"spore:lab_block3":1,"minecraft:gold_block":4,"minecraft:brewing_stand":2,"spore:sickle_fragment":1,"spore:lab_block2":1,"minecraft:string":9,"minecraft:raw_copper":188,"tacz:ammo":270,"minecraft:cobbled_deepslate":14,"minecraft:smooth_stone":2,"minecraft:spruce_planks":16,"minecraft:beef":12,"minecraft:oak_boat":1,"minecraft:iron_pickaxe":1,"minecraft:light_gray_wool":1,"minecraft:poppy":1,"minecraft:spruce_slab":1,"minecraft:coal_block":23,"minecraft:sugar_cane":23,"minecraft:egg":2,"minecraft:furnace":2,"spore:tumor":6,"minecraft:raw_iron":10,"minecraft:copper_ingot":32,"minecraft:composter":1,"minecraft:torch":2,"minecraft:porkchop":11,"minecraft:stone_button":1,"minecraft:carrot":1,"minecraft:redstone":19,"minecraft:stone_pressure_plate":1,"minecraft:arrow":23,"minecraft:rotten_flesh":25,"apocalypsenow:brokenpremiunradio":2,"spore:iron_ladder":1,"apocalypsenow:electric_door":1,"minecraft:deepslate_bricks":2,"minecraft:iron_block":5,"minecraft:mutton":2,"apocalypsenow:rusty_chestplate":1,"minecraft:cobblestone":19,"spore:cdu":1,"minecraft:feather":7,"minecraft:andesite":1,"minecraft:leather":7,"minecraft:potato":8,"minecraft:smoker":3,"minecraft:stripped_spruce_wood":5,"minecraft:oak_log":6,"minecraft:gunpowder":14,"minecraft:dirt":22,"minecraft:blue_bed":4,"minecraft:lantern":1,"apocalypsenow:cooked_human_flesh":2,"minecraft:bone":8,"apocalypsenow:human_flesh":4,"minecraft:wheat_seeds":7,"apocalypsenow:blue_concrete_bricks":2,"minecraft:rabbit_hide":1,"minecraft:iron_ingot":12,"minecraft:cooked_chicken":7,"spore:mutated_fiber":22,"minecraft:mossy_stone_bricks":1,"minecraft:rabbit":1,"minecraft:oak_planks":17,"minecraft:book":69,"spore:vent_door":1,"apocalypsenow:brokenoldradio":2,"spore:cerebrum":4,"minecraft:cooked_porkchop":7,"minecraft:chiseled_stone_bricks":1,"spore:armor_fragment":6,"minecraft:stone_brick_slab":1,"minecraft:gravel":2,"minecraft:sand":22,"minecraft:spruce_sapling":3,"minecraft:blast_furnace":2,"minecraft:spider_eye":2,"minecraft:spruce_log":10,"apocalypsenow:papertrash":1,"minecraft:bundle":2,"minecraft:polished_andesite":3,"spore:vent_plate":12,"tacz:modern_kinetic_gun":7,"apocalypsenow:redconcretebricks":2,"minecraft:iron_helmet":1,"minecraft:gray_wool":1,"minecraft:bread":10,"minecraft:oak_sapling":2,"minecraft:coal":35},"minecraft:dropped":{"apocalypsenow:human_flesh":2,"minecraft:bread":10,"minecraft:iron_sword":1,"apocalypsenow:rusty_chestplate":1,"minecraft:wheat_seeds":3,"minecraft:cooked_beef":10,"minecraft:smithing_table":1,"minecraft:cooked_porkchop":4,"minecraft:iron_helmet":1,"minecraft:cobblestone":3,"minecraft:book":5,"minecraft:coal":47,"minecraft:polished_andesite":3,"minecraft:iron_block":1,"minecraft:dirt":1,"tacz:modern_kinetic_gun":5,"minecraft:sand":2,"minecraft:iron_pickaxe":1,"minecraft:string":2,"minecraft:blue_bed":1,"minecraft:spruce_sapling":1,"apocalypsenow:snow_shovel":1,"minecraft:cooked_chicken":9,"minecraft:rotten_flesh":14,"minecraft:iron_boots":1,"apocalypsenow:electric_door":1,"spore:cerebrum":1,"spore:mutated_fiber":13,"minecraft:chiseled_stone_bricks":1,"minecraft:filled_map":2,"minecraft:shield":1,"minecraft:charcoal":19,"minecraft:andesite":1,"minecraft:oak_sapling":2,"tacz:ammo":60,"minecraft:beef":5},"minecraft:killed_by":{"spore:specter":1},"minecraft:killed":{"spore:inf_hazmat":3,"apocalypsenow:looter_1":3,"minecraft:spider":6,"minecraft:skeleton":2,"minecraft:horse":2,"minecraft:chicken":6,"apocalypsenow:runner_45":1,"apocalypsenow:runner_53":1,"minecraft:drowned":3,"minecraft:pig":6,"spore:inf_wanderer":2,"minecraft:rabbit":1,"minecraft:iron_golem":2,"apocalypsenow:walker_23":1,"minecraft:creeper":10,"spore:inf_pillager":4,"spore:specter":1,"minecraft:sheep":1,"spore:inf_villager":3,"minecraft:zombie":6,"spore:inf_human":4,"apocalypsenow:runner_44":1,"apocalypsenow:runner_47":1,"spore:slasher":1,"minecraft:villager":1,"minecraft:cow":5},"minecraft:mined":{"minecraft:stone_pressure_plate":1,"apocalypsenow:blue_concrete_bricks":2,"minecraft:brewing_stand":2,"minecraft:gray_stained_glass_pane":5,"spore:lab_block2":1,"spore:lab_block3":2,"minecraft:grass_block":16,"apocalypsenow:brokenoldradio":2,"minecraft:coal_block":22,"minecraft:deepslate_bricks":2,"minecraft:spruce_leaves":14,"minecraft:composter":1,"spore:growths_small":2,"minecraft:chiseled_stone_bricks":1,"minecraft:spawner":1,"minecraft:large_fern":3,"minecraft:smooth_stone":1,"minecraft:spruce_sapling":1,"minecraft:furnace":3,"minecraft:iron_ore":10,"apocalypsenow:brokenpremiunradio":2,"spore:cdu":1,"minecraft:andesite":1,"minecraft:gold_block":4,"minecraft:bookshelf":23,"minecraft:potatoes":5,"minecraft:packed_ice":192,"minecraft:stone":16,"minecraft:iron_block":7,"minecraft:smithing_table":1,"spore:vent_plate":3,"minecraft:deepslate_redstone_ore":5,"spore:vent_door":1,"minecraft:smoker":3,"minecraft:stone_brick_slab":1,"apocalypsenow:corpsesack":2,"minecraft:powder_snow":55,"spore:growths_big":1,"minecraft:crafting_table":2,"minecraft:blast_furnace":3,"minecraft:sculk_sensor":2,"minecraft:cobblestone":4,"minecraft:tall_grass":4,"minecraft:copper_ore":57,"minecraft:deepslate_coal_ore":2,"minecraft:sugar_cane":7,"minecraft:sculk":8,"apocalypsenow:redconcretebricks":2,"minecraft:blue_bed":4,"minecraft:stripped_spruce_wood":5,"minecraft:wheat":2,"minecraft:blue_ice":62,"minecraft:spruce_log":10,"minecraft:light_gray_wool":3,"minecraft:stone_brick_stairs":2,"minecraft:oak_log":6,"minecraft:grass":18,"minecraft:coal_ore":33,"apocalypsenow:paperstrash":1,"minecraft:gravel":2,"minecraft:sand":21,"minecraft:dirt":10,"minecraft:cobweb":3,"minecraft:polished_andesite":3,"minecraft:mossy_stone_bricks":1,"minecraft:deepslate":14,"minecraft:oak_leaves":23,"minecraft:fern":2},"minecraft:custom":{"minecraft:interact_with_smithing_table":1,"minecraft:mob_kills":80,"minecraft:interact_with_crafting_table":12,"minecraft:open_barrel":3,"minecraft:leave_game":3,"minecraft:time_since_death":99715,"minecraft:climb_one_cm":25510,"minecraft:sprint_one_cm":596947,"minecraft:walk_one_cm":716822,"minecraft:damage_blocked_by_shield":290,"minecraft:drop":102,"minecraft:talked_to_villager":5,"minecraft:play_time":247235,"minecraft:deaths":3,"minecraft:sneak_time":2978,"minecraft:walk_under_water_one_cm":94459,"minecraft:boat_one_cm":49599,"minecraft:jump":6179,"minecraft:interact_with_blast_furnace":13,"minecraft:walk_on_water_one_cm":139481,"minecraft:total_world_time":247235,"minecraft:interact_with_furnace":19,"minecraft:interact_with_stonecutter":1,"minecraft:sleep_in_bed":6,"minecraft:time_since_rest":3777,"minecraft:open_enderchest":2,"minecraft:damage_taken":3811,"minecraft:damage_dealt":7122,"minecraft:swim_one_cm":290118,"minecraft:fly_one_cm":1401625,"minecraft:open_chest":260,"minecraft:crouch_one_cm":4236,"tombstone:undead_killed":16,"tombstone:villager_killed":1,"minecraft:interact_with_smoker":15,"minecraft:fall_one_cm":121430},"minecraft:crafted":{"apocalypsenow:scrapmetal":1,"minecraft:oak_planks":24,"minecraft:cooked_chicken":6,"minecraft:spruce_slab":12,"minecraft:cooked_beef":11,"minecraft:coal_block":5,"minecraft:red_dye":1,"minecraft:cooked_porkchop":8,"minecraft:crafting_table":5,"minecraft:spruce_planks":36,"tacz:gun_smith_table":1,"minecraft:copper_ingot":59,"minecraft:air":0,"minecraft:shield":2,"minecraft:stick":12,"apocalypsenow:cooked_human_flesh":3,"minecraft:iron_ingot":40,"minecraft:iron_pickaxe":3,"minecraft:iron_block":1,"minecraft:gold_ingot":18,"minecraft:composter":1},"minecraft:used":{"minecraft:spruce_slab":6,"tacz:gun_smith_table":1,"minecraft:spruce_planks":3,"minecraft:shield":9,"minecraft:iron_sword":225,"apocalypsenow:snow_shovel":7,"minecraft:cooked_chicken":17,"minecraft:iron_chestplate":1,"minecraft:dirt":20,"spore:lab_block3":1,"minecraft:carrot":20,"minecraft:stone_brick_slab":1,"minecraft:lantern":1,"minecraft:iron_helmet":1,"minecraft:iron_boots":2,"minecraft:light_gray_wool":1,"apocalypsenow:fire_axe":21,"minecraft:bow":62,"minecraft:furnace":1,"tombstone:gift":2,"minecraft:egg":2,"minecraft:stone_pressure_plate":1,"minecraft:cooked_beef":7,"minecraft:potato":10,"minecraft:cobbled_deepslate":13,"minecraft:iron_leggings":1,"minecraft:wheat_seeds":4,"minecraft:mossy_stone_bricks":1,"apocalypsenow:cooked_human_flesh":4,"apocalypsenow:blue_concrete_bricks":2,"apocalypsenow:redconcretebricks":2,"minecraft:rabbit":1,"apocalypsenow:papertrash":1,"minecraft:oak_planks":5,"minecraft:composter":2,"minecraft:blue_bed":2,"minecraft:golden_apple":1,"minecraft:crafting_table":6,"minecraft:blast_furnace":2,"minecraft:spruce_log":4,"minecraft:smoker":2,"minecraft:bread":32,"minecraft:iron_pickaxe":472,"spore:iron_ladder":1,"minecraft:spruce_sapling":2,"minecraft:gravel":2,"minecraft:coal_block":7,"apocalypsenow:corpsesack":2,"minecraft:cobblestone":12,"apocalypsenow:survival_knife":14,"spore:lab_block2":1,"minecraft:cooked_porkchop":3,"minecraft:smooth_stone":2}},"DataVersion":3120}