{"stats":{"minecraft:killed":{"minecraft:spider":2,"minecraft:iron_golem":1,"minecraft:drowned":2},"minecraft:picked_up":{"minecraft:crafting_table":1,"minecraft:wheat":1,"minecraft:smithing_table":1,"minecraft:smoker":1,"minecraft:potato":8,"spore:lab_block3":1,"minecraft:stripped_spruce_wood":5,"minecraft:brewing_stand":1,"minecraft:gunpowder":2,"spore:lab_block2":1,"minecraft:blue_bed":2,"minecraft:string":2,"minecraft:dirt":7,"minecraft:lantern":1,"tacz:ammo":30,"apocalypsenow:cooked_human_flesh":2,"minecraft:wheat_seeds":4,"minecraft:smooth_stone":2,"minecraft:spruce_planks":1,"minecraft:iron_ingot":5,"minecraft:cooked_chicken":5,"minecraft:poppy":1,"minecraft:spruce_slab":1,"minecraft:coal_block":16,"minecraft:sugar_cane":3,"apocalypsenow:brokenoldradio":1,"spore:vent_door":1,"minecraft:composter":1,"minecraft:gravel":1,"minecraft:sand":20,"minecraft:stone_button":1,"minecraft:spruce_sapling":3,"minecraft:blast_furnace":2,"minecraft:spruce_log":10,"spore:vent_plate":12,"minecraft:arrow":13,"minecraft:rotten_flesh":4,"tacz:modern_kinetic_gun":1,"minecraft:deepslate_bricks":2,"minecraft:iron_block":5,"minecraft:bread":10,"minecraft:oak_sapling":1,"minecraft:coal":28,"minecraft:cobblestone":7},"minecraft:mined":{"minecraft:smithing_table":1,"spore:vent_plate":3,"spore:vent_door":1,"minecraft:smoker":1,"minecraft:powder_snow":55,"minecraft:brewing_stand":1,"minecraft:gray_stained_glass_pane":2,"spore:lab_block2":1,"minecraft:crafting_table":1,"spore:lab_block3":2,"minecraft:blast_furnace":3,"minecraft:grass_block":2,"apocalypsenow:brokenoldradio":1,"minecraft:coal_block":15,"minecraft:tall_grass":2,"minecraft:deepslate_bricks":2,"minecraft:cobblestone":4,"minecraft:deepslate_coal_ore":2,"minecraft:spruce_leaves":6,"minecraft:sugar_cane":1,"minecraft:composter":1,"minecraft:blue_bed":2,"minecraft:smooth_stone":1,"minecraft:spruce_sapling":1,"minecraft:furnace":1,"minecraft:stripped_spruce_wood":5,"minecraft:wheat":2,"minecraft:blue_ice":41,"minecraft:spruce_log":10,"minecraft:light_gray_wool":1,"minecraft:potatoes":5,"minecraft:coal_ore":27,"minecraft:gravel":1,"minecraft:sand":20,"minecraft:dirt":8,"minecraft:packed_ice":152,"minecraft:stone":6,"minecraft:iron_block":7,"minecraft:oak_leaves":2},"minecraft:crafted":{"minecraft:red_dye":1,"minecraft:crafting_table":2,"minecraft:spruce_planks":36,"minecraft:air":0,"minecraft:shield":2,"minecraft:spruce_slab":12,"minecraft:stick":8,"minecraft:iron_ingot":10,"minecraft:iron_pickaxe":2,"minecraft:composter":1},"minecraft:dropped":{"minecraft:bread":10,"minecraft:cooked_chicken":5,"minecraft:rotten_flesh":4,"minecraft:iron_boots":1,"minecraft:iron_block":1,"minecraft:shield":1,"minecraft:oak_sapling":1,"minecraft:string":2,"minecraft:blue_bed":1,"minecraft:spruce_sapling":1},"minecraft:custom":{"minecraft:interact_with_smithing_table":1,"minecraft:interact_with_furnace":5,"minecraft:mob_kills":6,"minecraft:interact_with_crafting_table":7,"minecraft:open_barrel":3,"minecraft:interact_with_stonecutter":1,"minecraft:leave_game":1,"minecraft:time_since_death":12603,"minecraft:sleep_in_bed":1,"minecraft:climb_one_cm":10629,"minecraft:time_since_rest":12360,"minecraft:sprint_one_cm":172243,"minecraft:open_enderchest":2,"minecraft:damage_taken":842,"minecraft:walk_one_cm":306023,"minecraft:drop":27,"minecraft:damage_dealt":1305,"minecraft:swim_one_cm":144454,"minecraft:talked_to_villager":3,"minecraft:fly_one_cm":505933,"minecraft:open_chest":90,"minecraft:crouch_one_cm":655,"minecraft:play_time":68499,"tombstone:undead_killed":2,"minecraft:deaths":2,"minecraft:sneak_time":836,"minecraft:walk_under_water_one_cm":35943,"minecraft:jump":2188,"minecraft:walk_on_water_one_cm":60709,"minecraft:total_world_time":68499,"minecraft:fall_one_cm":35811},"minecraft:used":{"minecraft:wheat_seeds":4,"apocalypsenow:cooked_human_flesh":2,"minecraft:spruce_slab":6,"minecraft:spruce_planks":1,"minecraft:composter":2,"minecraft:iron_sword":30,"minecraft:cooked_chicken":3,"minecraft:iron_chestplate":1,"minecraft:dirt":7,"minecraft:crafting_table":3,"spore:lab_block3":1,"minecraft:carrot":1,"minecraft:blast_furnace":2,"minecraft:smoker":1,"minecraft:spruce_log":4,"minecraft:lantern":1,"minecraft:bread":7,"minecraft:iron_pickaxe":247,"minecraft:iron_helmet":1,"minecraft:iron_boots":2,"minecraft:spruce_sapling":2,"minecraft:gravel":1,"minecraft:cobblestone":5,"minecraft:bow":5,"spore:lab_block2":1,"tombstone:gift":1,"minecraft:potato":10,"minecraft:smooth_stone":2,"minecraft:iron_leggings":1}},"DataVersion":3120}