{"stats":{"minecraft:killed_by":{"spore:inf_hazmat":1,"minecraft:player":1,"spore:volatile":1,"spore:busser":10,"minecraft:creeper":1,"spore:inf_human":7,"spore:usurper":1,"spore:inquisitor":2,"spore:delusioner":4,"spore:inf_pillager":2,"spore:inf_player":5,"spore:inf_villager":1,"minecraft:skeleton":8,"minecraft:zombie":2},"minecraft:custom":{"minecraft:mob_kills":69,"minecraft:interact_with_crafting_table":41,"minecraft:open_barrel":11,"minecraft:leave_game":4,"minecraft:time_since_death":1254,"minecraft:sprint_one_cm":566959,"minecraft:walk_one_cm":703195,"minecraft:damage_blocked_by_shield":1450,"minecraft:drop":200,"minecraft:play_time":273815,"minecraft:sneak_time":3640,"minecraft:deaths":49,"minecraft:walk_under_water_one_cm":17297,"minecraft:boat_one_cm":40404,"minecraft:jump":5173,"minecraft:walk_on_water_one_cm":41388,"minecraft:total_world_time":273815,"minecraft:interact_with_furnace":60,"minecraft:sleep_in_bed":13,"minecraft:time_since_rest":1275,"minecraft:damage_taken":10013,"minecraft:damage_dealt":8621,"minecraft:swim_one_cm":143511,"minecraft:fly_one_cm":810736,"minecraft:open_chest":35,"minecraft:crouch_one_cm":7255,"minecraft:fall_one_cm":123277},"minecraft:dropped":{"apocalypsenow:human_flesh":3,"minecraft:iron_ingot":6,"minecraft:bread":51,"minecraft:iron_sword":2,"minecraft:wheat_seeds":40,"minecraft:cooked_beef":6,"minecraft:cooked_porkchop":18,"minecraft:iron_helmet":1,"minecraft:cobblestone":57,"spore:tendons":2,"minecraft:fletching_table":1,"minecraft:copper_ingot":6,"minecraft:golden_apple":2,"apocalypsenow:canned_strawberry":1,"minecraft:stick":3,"minecraft:oxeye_daisy":14,"minecraft:gray_wool":2,"minecraft:blue_dye":10,"minecraft:milk_bucket":1,"minecraft:mutton":26,"minecraft:iron_leggings":1,"minecraft:wooden_sword":1,"tacz:modern_kinetic_gun":3,"minecraft:pumpkin":14,"minecraft:red_dye":13,"minecraft:string":3,"minecraft:white_wool":12,"apocalypsenow:taiga_1_survival_machete":2,"minecraft:bone":13,"apocalypsenow:chinese_army_helmet":1,"minecraft:furnace":1,"minecraft:cooked_chicken":4,"minecraft:raw_copper":116,"minecraft:raw_iron":24,"minecraft:rotten_flesh":46,"minecraft:iron_boots":1,"minecraft:oak_planks":16,"spore:mutated_fiber":3,"minecraft:cooked_mutton":8,"minecraft:carrot":3,"minecraft:potato":4,"minecraft:shield":4,"minecraft:iron_chestplate":1,"apocalypsenow:plastic":7,"minecraft:yellow_bed":2,"apocalypsenow:cooked_human_flesh":7,"tacz:ammo":153,"minecraft:arrow":33,"minecraft:bow":1,"minecraft:wooden_pickaxe":3,"firstaid:plaster":2},"minecraft:broken":{"apocalypsenow:black_football_armor_boots":1,"minecraft:wooden_pickaxe":3,"minecraft:stone_pickaxe":3,"apocalypsenow:fire_axe":1},"minecraft:picked_up":{"spore:mutated_heart":12,"minecraft:crafting_table":13,"minecraft:wheat":6,"minecraft:wooden_pickaxe":5,"minecraft:shield":13,"minecraft:amethyst_block":2,"minecraft:cornflower":5,"minecraft:string":13,"spore:innards":9,"minecraft:moss_carpet":2,"minecraft:raw_copper":683,"minecraft:iron_leggings":1,"tacz:ammo":194,"minecraft:compass":2,"apocalypsenow:cigarettes":1,"minecraft:cobbled_deepslate":2,"minecraft:beef":64,"minecraft:red_dye":66,"apocalypsenow:fire_axe":1,"minecraft:calcite":2,"minecraft:azalea":1,"minecraft:poppy":30,"minecraft:light_gray_wool":1,"minecraft:tinted_glass":1,"minecraft:sugar_cane":22,"minecraft:chest":5,"minecraft:birch_sapling":3,"minecraft:iron_boots":4,"minecraft:furnace":4,"minecraft:raw_iron":78,"minecraft:stick":54,"spore:tumor":2,"minecraft:composter":4,"minecraft:copper_ingot":66,"minecraft:torch":23,"minecraft:acacia_log":7,"minecraft:porkchop":26,"minecraft:diorite":61,"minecraft:carrot":27,"minecraft:stone_sword":2,"minecraft:arrow":226,"minecraft:stone_shovel":4,"minecraft:rotten_flesh":142,"minecraft:blue_dye":35,"spore:tendons":20,"minecraft:mutton":172,"minecraft:skeleton_skull":1,"minecraft:white_wool":68,"minecraft:cobblestone":857,"minecraft:oxeye_daisy":49,"minecraft:birch_log":2,"spore:altered_spleen":3,"minecraft:feather":6,"minecraft:cooked_beef":78,"minecraft:andesite":62,"minecraft:leather":37,"minecraft:potato":86,"apocalypsenow:taiga_1_survival_machete":4,"minecraft:flint":4,"minecraft:oak_log":118,"minecraft:yellow_bed":5,"apocalypsenow:canned_tomatos":1,"minecraft:dirt":133,"minecraft:cooked_mutton":24,"apocalypsenow:chinese_army_helmet":4,"apocalypsenow:cooked_human_flesh":21,"minecraft:bone":41,"minecraft:apple":3,"minecraft:bow":7,"minecraft:wheat_seeds":151,"apocalypsenow:human_flesh":56,"minecraft:stone_pickaxe":9,"apocalypsenow:money":2,"minecraft:iron_ingot":27,"minecraft:cooked_chicken":60,"spore:mutated_fiber":96,"minecraft:fletching_table":6,"tacz:gun_smith_table":2,"minecraft:moss_block":2,"minecraft:oak_planks":401,"minecraft:iron_sword":7,"firstaid:plaster":2,"spore:cerebrum":5,"minecraft:smooth_basalt":5,"minecraft:milk_bucket":4,"minecraft:cooked_porkchop":48,"minecraft:pumpkin":34,"spore:armor_fragment":64,"apocalypsenow:black_football_armor_boots":1,"minecraft:dandelion":2,"minecraft:gravel":39,"minecraft:sand":73,"minecraft:amethyst_shard":8,"minecraft:white_bed":5,"apocalypsenow:canned_strawberry":2,"minecraft:spider_eye":4,"minecraft:barrel":1,"apocalypsenow:plastic":30,"spore:claw_fragment":6,"minecraft:stone_axe":2,"tacz:modern_kinetic_gun":3,"minecraft:granite":10,"minecraft:bone_meal":24,"minecraft:golden_apple":10,"minecraft:gray_wool":7,"minecraft:emerald":6,"minecraft:bread":181,"spore:spine_fragment":9,"minecraft:oak_sapling":4,"minecraft:black_wool":1,"minecraft:coal":111},"minecraft:used":{"minecraft:stone_sword":17,"minecraft:chest":2,"minecraft:shield":56,"minecraft:iron_sword":22,"minecraft:cooked_chicken":5,"minecraft:torch":15,"minecraft:iron_chestplate":1,"minecraft:dirt":54,"minecraft:mutton":6,"minecraft:carrot":5,"minecraft:birch_sapling":3,"minecraft:iron_helmet":1,"minecraft:barrel":1,"minecraft:smooth_basalt":5,"apocalypsenow:fire_axe":5,"minecraft:light_gray_wool":1,"minecraft:bow":14,"minecraft:beef":4,"minecraft:oak_sapling":4,"minecraft:furnace":7,"apocalypsenow:taiga_1_survival_machete":171,"minecraft:skeleton_skull":1,"minecraft:potato":18,"minecraft:iron_leggings":2,"minecraft:calcite":2,"apocalypsenow:cooked_human_flesh":2,"minecraft:diorite":4,"minecraft:amethyst_block":1,"minecraft:oak_planks":13,"minecraft:stone_pickaxe":576,"minecraft:wooden_pickaxe":189,"minecraft:golden_apple":2,"minecraft:white_wool":8,"apocalypsenow:cooked_cockroach":1,"minecraft:sand":20,"minecraft:crafting_table":13,"minecraft:white_bed":4,"minecraft:oak_log":2,"minecraft:oxeye_daisy":7,"minecraft:bread":12,"travelersbackpack:white_sleeping_bag":1,"minecraft:stone_axe":77,"minecraft:wooden_sword":51,"minecraft:cobblestone":82,"minecraft:porkchop":5,"minecraft:andesite":28,"minecraft:yellow_bed":2,"minecraft:oak_boat":1,"minecraft:dandelion":1},"minecraft:crafted":{"minecraft:wooden_sword":2,"minecraft:oak_planks":292,"minecraft:cooked_chicken":3,"minecraft:furnace":4,"minecraft:bone_meal":6,"firstaid:plaster":1,"minecraft:cooked_mutton":8,"travelersbackpack:white_sleeping_bag":1,"minecraft:stone_pickaxe":5,"minecraft:chest":2,"apocalypsenow:plastic":7,"minecraft:red_dye":13,"minecraft:cooked_porkchop":18,"minecraft:crafting_table":10,"minecraft:wooden_pickaxe":8,"minecraft:iron_sword":1,"minecraft:copper_ingot":16,"apocalypsenow:cooked_cockroach":1,"minecraft:stone_axe":3,"minecraft:air":0,"minecraft:blue_dye":5,"minecraft:oak_boat":2,"minecraft:shield":2,"minecraft:stick":72,"apocalypsenow:cooked_human_flesh":9,"minecraft:iron_ingot":22,"minecraft:stone_sword":3,"minecraft:acacia_planks":24},"minecraft:killed":{"apocalypsenow:looter_1":4,"minecraft:spider":3,"apocalypsenow:walker_14":1,"minecraft:horse":2,"minecraft:skeleton":3,"apocalypsenow:walker_33":1,"apocalypsenow:hunter":1,"apocalypsenow:walker_30":1,"minecraft:pig":9,"spore:inf_player":1,"apocalypsenow:runner_40":1,"spore:scamper":1,"apocalypsenow:soldiers":1,"minecraft:creeper":1,"spore:inf_pillager":2,"minecraft:sheep":23,"minecraft:zombie":5,"spore:inf_human":3,"apocalypsenow:runner_47":1,"apocalypsenow:looter_4":1,"minecraft:cow":5},"minecraft:mined":{"minecraft:large_amethyst_bud":1,"spore:wall_growths_big":5,"minecraft:white_bed":5,"spore:wall_growths":6,"minecraft:granite":10,"minecraft:acacia_log":7,"minecraft:grass_block":19,"spore:fungal_stem":4,"minecraft:white_stained_glass":2,"minecraft:oxeye_daisy":7,"minecraft:composter":1,"spore:growths_small":4,"tacz:gun_smith_table":2,"spore:rotten_bush":1,"minecraft:spawner":1,"minecraft:furnace":4,"minecraft:carrots":4,"minecraft:iron_ore":29,"spore:blomfung":4,"minecraft:barrel":1,"minecraft:andesite":30,"minecraft:fletching_table":2,"spore:growth_mycelium":6,"minecraft:potatoes":1,"minecraft:packed_ice":1,"minecraft:stone":453,"minecraft:white_wool":5,"spore:lab_block":1,"minecraft:medium_amethyst_bud":4,"minecraft:amethyst_cluster":1,"minecraft:dandelion":2,"minecraft:powder_snow":23,"spore:growths_big":14,"minecraft:cornflower":5,"minecraft:torch":1,"minecraft:crafting_table":9,"minecraft:poppy":16,"minecraft:calcite":2,"minecraft:chest":3,"minecraft:copper_ore":49,"minecraft:tall_grass":26,"minecraft:cobblestone":2,"minecraft:sugar_cane":6,"minecraft:diorite":35,"minecraft:wall_torch":17,"minecraft:amethyst_block":1,"minecraft:skeleton_skull":1,"spore:bloomfung2":21,"minecraft:birch_log":2,"minecraft:wheat":9,"minecraft:birch_leaves":2,"minecraft:yellow_bed":4,"spore:fungal_stem_top":1,"minecraft:grass":128,"minecraft:coal_ore":86,"minecraft:oak_log":118,"minecraft:gravel":16,"minecraft:dirt":37,"minecraft:sand":26,"spore:hanging_fungal_stem":4,"minecraft:smooth_basalt":5,"minecraft:oak_leaves":14,"spore:remains":2,"minecraft:deepslate":2}},"DataVersion":3120}