{"stats":{"minecraft:killed_by":{"spore:inf_hazmat":1,"minecraft:player":1,"spore:busser":6,"minecraft:creeper":1,"spore:inf_human":4,"spore:usurper":1,"spore:delusioner":4,"spore:inf_pillager":2,"spore:inf_player":1,"minecraft:skeleton":4,"minecraft:zombie":2},"minecraft:custom":{"minecraft:mob_kills":61,"minecraft:interact_with_crafting_table":21,"minecraft:open_barrel":2,"minecraft:leave_game":3,"minecraft:time_since_death":4278,"minecraft:sprint_one_cm":362457,"minecraft:walk_one_cm":474084,"minecraft:damage_blocked_by_shield":1450,"minecraft:drop":189,"minecraft:play_time":180595,"minecraft:sneak_time":1867,"minecraft:deaths":30,"minecraft:walk_under_water_one_cm":7087,"minecraft:boat_one_cm":40404,"minecraft:jump":3304,"minecraft:walk_on_water_one_cm":15391,"minecraft:total_world_time":180595,"minecraft:interact_with_furnace":53,"minecraft:sleep_in_bed":9,"minecraft:time_since_rest":4299,"minecraft:damage_taken":5830,"minecraft:damage_dealt":7426,"minecraft:swim_one_cm":63835,"minecraft:fly_one_cm":500464,"minecraft:open_chest":33,"minecraft:crouch_one_cm":4290,"minecraft:fall_one_cm":75515},"minecraft:dropped":{"apocalypsenow:human_flesh":3,"minecraft:iron_ingot":6,"minecraft:bread":51,"minecraft:iron_sword":2,"minecraft:wheat_seeds":40,"minecraft:cooked_beef":6,"minecraft:cooked_porkchop":15,"minecraft:iron_helmet":1,"minecraft:cobblestone":57,"spore:tendons":2,"minecraft:fletching_table":1,"minecraft:copper_ingot":6,"minecraft:golden_apple":2,"apocalypsenow:canned_strawberry":1,"minecraft:stick":3,"minecraft:oxeye_daisy":14,"minecraft:gray_wool":2,"minecraft:blue_dye":10,"minecraft:milk_bucket":1,"minecraft:mutton":26,"minecraft:iron_leggings":1,"tacz:modern_kinetic_gun":3,"minecraft:pumpkin":14,"minecraft:red_dye":13,"minecraft:string":3,"minecraft:white_wool":12,"apocalypsenow:taiga_1_survival_machete":2,"minecraft:bone":13,"apocalypsenow:chinese_army_helmet":1,"minecraft:furnace":1,"minecraft:cooked_chicken":4,"minecraft:raw_copper":116,"minecraft:raw_iron":24,"minecraft:oak_planks":10,"minecraft:rotten_flesh":44,"minecraft:iron_boots":1,"minecraft:cooked_mutton":8,"minecraft:carrot":3,"minecraft:potato":4,"minecraft:shield":4,"minecraft:iron_chestplate":1,"apocalypsenow:plastic":7,"minecraft:yellow_bed":2,"apocalypsenow:cooked_human_flesh":7,"tacz:ammo":153,"minecraft:bow":1,"minecraft:arrow":33,"minecraft:wooden_pickaxe":2,"firstaid:plaster":2},"minecraft:broken":{"apocalypsenow:black_football_armor_boots":1,"minecraft:wooden_pickaxe":2,"minecraft:stone_pickaxe":1,"apocalypsenow:fire_axe":1},"minecraft:picked_up":{"spore:mutated_heart":7,"minecraft:crafting_table":6,"minecraft:wooden_pickaxe":4,"minecraft:shield":13,"minecraft:amethyst_block":2,"minecraft:cornflower":5,"spore:innards":9,"minecraft:string":9,"minecraft:raw_copper":548,"tacz:ammo":194,"minecraft:beef":64,"minecraft:red_dye":53,"apocalypsenow:fire_axe":1,"minecraft:calcite":2,"minecraft:poppy":25,"minecraft:light_gray_wool":1,"minecraft:tinted_glass":1,"minecraft:sugar_cane":17,"minecraft:chest":4,"minecraft:iron_boots":1,"minecraft:furnace":4,"spore:tumor":1,"minecraft:stick":52,"minecraft:raw_iron":72,"minecraft:composter":4,"minecraft:copper_ingot":60,"minecraft:torch":23,"minecraft:porkchop":18,"minecraft:diorite":4,"minecraft:carrot":7,"minecraft:stone_sword":2,"minecraft:arrow":222,"minecraft:stone_shovel":2,"minecraft:rotten_flesh":140,"minecraft:blue_dye":35,"spore:tendons":20,"minecraft:mutton":171,"minecraft:skeleton_skull":1,"minecraft:white_wool":67,"minecraft:cobblestone":547,"minecraft:oxeye_daisy":49,"spore:altered_spleen":2,"minecraft:feather":6,"minecraft:cooked_beef":78,"minecraft:andesite":32,"minecraft:leather":35,"minecraft:potato":30,"apocalypsenow:taiga_1_survival_machete":4,"minecraft:flint":4,"minecraft:oak_log":91,"minecraft:yellow_bed":3,"minecraft:dirt":115,"minecraft:cooked_mutton":24,"apocalypsenow:chinese_army_helmet":4,"apocalypsenow:cooked_human_flesh":14,"minecraft:bone":41,"minecraft:bow":7,"minecraft:wheat_seeds":101,"apocalypsenow:human_flesh":35,"minecraft:iron_ingot":27,"minecraft:stone_pickaxe":7,"minecraft:cooked_chicken":60,"spore:mutated_fiber":65,"minecraft:fletching_table":5,"tacz:gun_smith_table":1,"minecraft:iron_sword":4,"minecraft:oak_planks":395,"firstaid:plaster":2,"minecraft:smooth_basalt":5,"spore:cerebrum":5,"minecraft:milk_bucket":2,"minecraft:cooked_porkchop":48,"minecraft:pumpkin":34,"spore:armor_fragment":35,"apocalypsenow:black_football_armor_boots":1,"minecraft:dandelion":2,"minecraft:gravel":39,"minecraft:sand":3,"minecraft:amethyst_shard":6,"minecraft:white_bed":5,"apocalypsenow:canned_strawberry":2,"minecraft:spider_eye":4,"apocalypsenow:plastic":30,"spore:claw_fragment":6,"minecraft:stone_axe":2,"tacz:modern_kinetic_gun":3,"minecraft:bone_meal":18,"minecraft:golden_apple":10,"minecraft:gray_wool":7,"minecraft:bread":181,"spore:spine_fragment":4,"minecraft:oak_sapling":4,"minecraft:black_wool":1,"minecraft:coal":41},"minecraft:used":{"minecraft:chest":2,"minecraft:shield":56,"minecraft:cooked_chicken":2,"minecraft:torch":15,"minecraft:dirt":42,"minecraft:mutton":6,"minecraft:carrot":1,"minecraft:smooth_basalt":5,"apocalypsenow:fire_axe":5,"minecraft:light_gray_wool":1,"minecraft:bow":10,"minecraft:beef":4,"minecraft:oak_sapling":3,"minecraft:furnace":5,"apocalypsenow:taiga_1_survival_machete":170,"minecraft:skeleton_skull":1,"minecraft:potato":10,"minecraft:calcite":2,"minecraft:amethyst_block":1,"minecraft:oak_planks":9,"minecraft:stone_pickaxe":156,"minecraft:wooden_pickaxe":115,"minecraft:golden_apple":2,"minecraft:white_wool":8,"minecraft:sand":3,"minecraft:crafting_table":8,"minecraft:white_bed":4,"minecraft:oak_log":2,"minecraft:oxeye_daisy":7,"minecraft:bread":12,"travelersbackpack:white_sleeping_bag":1,"minecraft:stone_axe":75,"minecraft:wooden_sword":51,"minecraft:cobblestone":38,"minecraft:porkchop":2,"minecraft:oak_boat":1,"minecraft:dandelion":1},"minecraft:crafted":{"minecraft:wooden_sword":1,"minecraft:oak_planks":204,"minecraft:cooked_chicken":3,"minecraft:furnace":2,"minecraft:bone_meal":6,"firstaid:plaster":1,"minecraft:cooked_mutton":8,"travelersbackpack:white_sleeping_bag":1,"minecraft:stone_pickaxe":2,"minecraft:chest":2,"apocalypsenow:plastic":7,"minecraft:red_dye":13,"minecraft:cooked_porkchop":15,"minecraft:crafting_table":7,"minecraft:wooden_pickaxe":4,"minecraft:iron_sword":1,"minecraft:copper_ingot":16,"minecraft:stone_axe":1,"minecraft:air":0,"minecraft:blue_dye":5,"minecraft:oak_boat":2,"minecraft:shield":2,"minecraft:stick":40,"apocalypsenow:cooked_human_flesh":7,"minecraft:iron_ingot":22},"minecraft:killed":{"apocalypsenow:looter_1":4,"minecraft:spider":3,"apocalypsenow:walker_14":1,"minecraft:skeleton":2,"minecraft:horse":2,"apocalypsenow:walker_33":1,"apocalypsenow:walker_30":1,"minecraft:pig":6,"apocalypsenow:runner_40":1,"spore:scamper":1,"apocalypsenow:soldiers":1,"minecraft:creeper":1,"spore:inf_pillager":2,"minecraft:sheep":22,"minecraft:zombie":5,"spore:inf_human":1,"apocalypsenow:runner_47":1,"apocalypsenow:looter_4":1,"minecraft:cow":5},"minecraft:mined":{"minecraft:large_amethyst_bud":1,"spore:wall_growths_big":5,"minecraft:white_bed":5,"spore:wall_growths":6,"minecraft:grass_block":12,"spore:fungal_stem":4,"minecraft:white_stained_glass":2,"minecraft:oxeye_daisy":7,"minecraft:composter":1,"spore:growths_small":4,"tacz:gun_smith_table":1,"spore:rotten_bush":1,"minecraft:spawner":1,"minecraft:furnace":4,"minecraft:carrots":1,"minecraft:iron_ore":23,"spore:blomfung":4,"minecraft:fletching_table":1,"spore:growth_mycelium":6,"minecraft:packed_ice":1,"minecraft:stone":146,"minecraft:white_wool":5,"spore:lab_block":1,"minecraft:medium_amethyst_bud":4,"minecraft:amethyst_cluster":1,"minecraft:dandelion":2,"minecraft:powder_snow":23,"spore:growths_big":14,"minecraft:crafting_table":4,"minecraft:cornflower":5,"minecraft:torch":1,"minecraft:poppy":11,"minecraft:calcite":2,"minecraft:chest":2,"minecraft:copper_ore":20,"minecraft:tall_grass":23,"minecraft:sugar_cane":5,"minecraft:wall_torch":17,"minecraft:amethyst_block":1,"minecraft:skeleton_skull":1,"spore:bloomfung2":21,"minecraft:wheat":6,"minecraft:yellow_bed":2,"spore:fungal_stem_top":1,"minecraft:grass":118,"minecraft:coal_ore":15,"minecraft:oak_log":92,"minecraft:gravel":16,"minecraft:dirt":26,"minecraft:sand":3,"spore:hanging_fungal_stem":4,"minecraft:smooth_basalt":5,"minecraft:oak_leaves":8,"spore:remains":2}},"DataVersion":3120}