{"stats":{"minecraft:killed":{"minecraft:spider":1,"minecraft:iron_golem":1},"minecraft:picked_up":{"minecraft:spruce_sapling":3,"minecraft:spruce_log":10,"minecraft:dirt":5,"minecraft:string":2,"apocalypsenow:cooked_human_flesh":2,"minecraft:rotten_flesh":4,"minecraft:iron_ingot":5,"minecraft:poppy":1},"minecraft:mined":{"minecraft:spruce_sapling":1,"minecraft:spruce_log":10,"minecraft:powder_snow":24,"minecraft:dirt":6,"minecraft:spruce_leaves":6},"minecraft:crafted":{"minecraft:red_dye":1,"minecraft:shield":1,"minecraft:spruce_planks":24,"minecraft:stick":4,"minecraft:iron_pickaxe":1},"minecraft:dropped":{"minecraft:rotten_flesh":4,"minecraft:string":2,"minecraft:spruce_sapling":1},"minecraft:custom":{"minecraft:time_since_rest":8846,"minecraft:sprint_one_cm":15350,"minecraft:walk_one_cm":20948,"minecraft:damage_taken":150,"minecraft:mob_kills":3,"minecraft:drop":7,"minecraft:damage_dealt":1119,"minecraft:interact_with_crafting_table":2,"minecraft:fly_one_cm":36854,"minecraft:open_chest":7,"minecraft:crouch_one_cm":118,"minecraft:play_time":8846,"minecraft:sneak_time":343,"minecraft:jump":195,"minecraft:walk_on_water_one_cm":1588,"minecraft:time_since_death":8846,"minecraft:total_world_time":8846,"minecraft:fall_one_cm":3696},"minecraft:used":{"apocalypsenow:cooked_human_flesh":2,"minecraft:iron_sword":23,"minecraft:iron_boots":1,"minecraft:spruce_sapling":2,"minecraft:iron_chestplate":1,"minecraft:dirt":5,"minecraft:bow":3,"minecraft:spruce_log":4,"minecraft:iron_leggings":1}},"DataVersion":3120}