{"stats":{"minecraft:dropped":{"minecraft:bread":10,"minecraft:cooked_beef":2,"minecraft:smithing_table":1,"minecraft:iron_helmet":1,"minecraft:cobblestone":3,"minecraft:book":5,"minecraft:coal":2,"minecraft:polished_andesite":3,"minecraft:iron_block":1,"tacz:modern_kinetic_gun":5,"minecraft:sand":2,"minecraft:iron_pickaxe":1,"minecraft:string":2,"minecraft:blue_bed":1,"minecraft:spruce_sapling":1,"apocalypsenow:snow_shovel":1,"minecraft:cooked_chicken":9,"minecraft:rotten_flesh":8,"minecraft:iron_boots":1,"spore:cerebrum":1,"spore:mutated_fiber":6,"minecraft:chiseled_stone_bricks":1,"minecraft:filled_map":2,"minecraft:shield":1,"minecraft:andesite":1,"minecraft:oak_sapling":1,"tacz:ammo":60,"minecraft:beef":1},"minecraft:picked_up":{"spore:mutated_heart":2,"minecraft:crafting_table":1,"minecraft:wheat":1,"minecraft:smithing_table":1,"spore:lab_block3":1,"minecraft:gold_block":4,"minecraft:brewing_stand":2,"spore:sickle_fragment":1,"spore:lab_block2":1,"minecraft:string":7,"minecraft:raw_copper":119,"tacz:ammo":270,"minecraft:smooth_stone":2,"minecraft:spruce_planks":1,"minecraft:beef":1,"minecraft:iron_pickaxe":1,"minecraft:light_gray_wool":1,"minecraft:poppy":1,"minecraft:spruce_slab":1,"minecraft:coal_block":23,"minecraft:sugar_cane":23,"spore:tumor":6,"minecraft:raw_iron":3,"minecraft:copper_ingot":32,"minecraft:composter":1,"minecraft:torch":2,"minecraft:stone_button":1,"minecraft:arrow":20,"minecraft:rotten_flesh":10,"spore:iron_ladder":1,"minecraft:deepslate_bricks":2,"minecraft:iron_block":5,"minecraft:mutton":2,"minecraft:cobblestone":15,"spore:cdu":1,"minecraft:andesite":1,"minecraft:leather":3,"minecraft:potato":8,"minecraft:smoker":1,"minecraft:stripped_spruce_wood":5,"minecraft:gunpowder":9,"minecraft:dirt":13,"minecraft:blue_bed":2,"minecraft:lantern":1,"apocalypsenow:cooked_human_flesh":2,"minecraft:bone":4,"minecraft:wheat_seeds":4,"minecraft:rabbit_hide":1,"minecraft:iron_ingot":9,"minecraft:cooked_chicken":5,"spore:mutated_fiber":11,"minecraft:mossy_stone_bricks":1,"minecraft:rabbit":1,"minecraft:book":69,"spore:vent_door":1,"apocalypsenow:brokenoldradio":2,"spore:cerebrum":3,"minecraft:chiseled_stone_bricks":1,"spore:armor_fragment":6,"minecraft:stone_brick_slab":1,"minecraft:gravel":2,"minecraft:sand":22,"minecraft:spruce_sapling":3,"minecraft:blast_furnace":2,"minecraft:spider_eye":1,"minecraft:spruce_log":10,"minecraft:bundle":1,"minecraft:polished_andesite":3,"spore:vent_plate":12,"tacz:modern_kinetic_gun":7,"apocalypsenow:redconcretebricks":2,"minecraft:iron_helmet":1,"minecraft:gray_wool":1,"minecraft:bread":10,"minecraft:oak_sapling":1,"minecraft:coal":35},"minecraft:killed_by":{"spore:specter":1},"minecraft:mined":{"minecraft:brewing_stand":2,"minecraft:gray_stained_glass_pane":5,"spore:lab_block2":1,"spore:lab_block3":2,"minecraft:grass_block":11,"apocalypsenow:brokenoldradio":2,"minecraft:coal_block":22,"minecraft:deepslate_bricks":2,"minecraft:spruce_leaves":13,"minecraft:composter":1,"spore:growths_small":2,"minecraft:chiseled_stone_bricks":1,"minecraft:spawner":1,"minecraft:smooth_stone":1,"minecraft:spruce_sapling":1,"minecraft:furnace":1,"minecraft:iron_ore":3,"spore:cdu":1,"minecraft:andesite":1,"minecraft:gold_block":4,"minecraft:bookshelf":23,"minecraft:potatoes":5,"minecraft:packed_ice":192,"minecraft:stone":16,"minecraft:iron_block":7,"minecraft:smithing_table":1,"spore:vent_plate":3,"spore:vent_door":1,"minecraft:smoker":1,"minecraft:stone_brick_slab":1,"minecraft:powder_snow":55,"spore:growths_big":1,"minecraft:crafting_table":1,"minecraft:blast_furnace":3,"minecraft:cobblestone":4,"minecraft:tall_grass":2,"minecraft:copper_ore":38,"minecraft:deepslate_coal_ore":2,"minecraft:sugar_cane":7,"apocalypsenow:redconcretebricks":2,"minecraft:blue_bed":2,"minecraft:stripped_spruce_wood":5,"minecraft:wheat":2,"minecraft:blue_ice":62,"minecraft:spruce_log":10,"minecraft:light_gray_wool":3,"minecraft:stone_brick_stairs":2,"minecraft:grass":7,"minecraft:coal_ore":33,"minecraft:gravel":2,"minecraft:sand":21,"minecraft:dirt":9,"minecraft:cobweb":1,"minecraft:polished_andesite":3,"minecraft:mossy_stone_bricks":1,"minecraft:oak_leaves":3},"minecraft:killed":{"spore:inf_hazmat":3,"minecraft:spider":5,"minecraft:horse":2,"minecraft:drowned":2,"minecraft:rabbit":1,"minecraft:iron_golem":2,"minecraft:creeper":7,"spore:inf_pillager":2,"spore:specter":1,"minecraft:sheep":1,"spore:inf_villager":2,"minecraft:zombie":1,"spore:inf_human":4,"apocalypsenow:runner_47":1,"spore:slasher":1,"minecraft:villager":1,"minecraft:cow":1},"minecraft:custom":{"minecraft:interact_with_smithing_table":1,"minecraft:mob_kills":39,"minecraft:interact_with_crafting_table":10,"minecraft:open_barrel":3,"minecraft:leave_game":3,"minecraft:time_since_death":45715,"minecraft:climb_one_cm":25510,"minecraft:sprint_one_cm":456006,"minecraft:walk_one_cm":566983,"minecraft:damage_blocked_by_shield":120,"minecraft:drop":67,"minecraft:talked_to_villager":5,"minecraft:play_time":193235,"minecraft:deaths":3,"minecraft:sneak_time":1745,"minecraft:walk_under_water_one_cm":80319,"minecraft:jump":4732,"minecraft:interact_with_blast_furnace":13,"minecraft:walk_on_water_one_cm":122012,"minecraft:total_world_time":193235,"minecraft:interact_with_furnace":7,"minecraft:interact_with_stonecutter":1,"minecraft:sleep_in_bed":3,"minecraft:time_since_rest":38345,"minecraft:open_enderchest":2,"minecraft:damage_taken":2741,"minecraft:damage_dealt":4286,"minecraft:swim_one_cm":273483,"minecraft:fly_one_cm":1249562,"minecraft:open_chest":242,"minecraft:crouch_one_cm":1448,"tombstone:undead_killed":4,"tombstone:villager_killed":1,"minecraft:interact_with_smoker":6,"minecraft:fall_one_cm":79191},"minecraft:crafted":{"apocalypsenow:scrapmetal":1,"minecraft:spruce_slab":12,"minecraft:coal_block":5,"minecraft:red_dye":1,"minecraft:crafting_table":4,"minecraft:spruce_planks":36,"tacz:gun_smith_table":1,"minecraft:copper_ingot":59,"minecraft:air":0,"minecraft:shield":2,"minecraft:stick":8,"apocalypsenow:cooked_human_flesh":3,"minecraft:iron_ingot":36,"minecraft:iron_pickaxe":2,"minecraft:iron_block":1,"minecraft:gold_ingot":18,"minecraft:composter":1},"minecraft:used":{"minecraft:spruce_slab":6,"tacz:gun_smith_table":1,"minecraft:spruce_planks":3,"minecraft:shield":3,"minecraft:iron_sword":132,"apocalypsenow:snow_shovel":7,"minecraft:cooked_chicken":9,"minecraft:iron_chestplate":1,"minecraft:dirt":8,"spore:lab_block3":1,"minecraft:carrot":20,"minecraft:stone_brick_slab":1,"minecraft:lantern":1,"minecraft:iron_helmet":1,"minecraft:iron_boots":2,"minecraft:light_gray_wool":1,"apocalypsenow:fire_axe":21,"minecraft:bow":49,"tombstone:gift":1,"minecraft:cooked_beef":4,"minecraft:potato":10,"minecraft:iron_leggings":1,"minecraft:wheat_seeds":4,"minecraft:mossy_stone_bricks":1,"apocalypsenow:cooked_human_flesh":4,"apocalypsenow:redconcretebricks":2,"minecraft:rabbit":1,"minecraft:composter":2,"minecraft:golden_apple":1,"minecraft:crafting_table":5,"minecraft:blast_furnace":2,"minecraft:spruce_log":4,"minecraft:smoker":1,"minecraft:bread":24,"minecraft:iron_pickaxe":405,"spore:iron_ladder":1,"minecraft:spruce_sapling":2,"minecraft:gravel":2,"minecraft:coal_block":7,"minecraft:cobblestone":8,"spore:lab_block2":1,"minecraft:smooth_stone":2}},"DataVersion":3120}