{"stats":{"minecraft:killed":{"spore:inf_hazmat":6,"spore:inf_player":2,"minecraft:spider":8,"minecraft:creeper":1,"spore:inf_pillager":1,"spore:inf_human":1,"minecraft:zombie":1},"minecraft:mined":{"minecraft:smithing_table":1,"minecraft:spruce_planks":2,"minecraft:white_bed":1,"minecraft:red_bed":1,"spore:vent_door":2,"minecraft:amethyst_cluster":3,"minecraft:polished_blackstone_brick_wall":1,"minecraft:spruce_door":2,"minecraft:powder_snow":31,"minecraft:brewing_stand":1,"minecraft:crafting_table":1,"minecraft:lever":1,"minecraft:grass_block":18,"minecraft:chest":10,"minecraft:white_stained_glass":2,"minecraft:coal_block":3,"minecraft:copper_ore":4,"minecraft:spruce_leaves":5,"minecraft:grindstone":1,"minecraft:furnace":2,"minecraft:carrots":1,"minecraft:iron_ore":1,"minecraft:snow":2,"minecraft:blue_ice":13,"spore:cdu":2,"minecraft:white_carpet":11,"minecraft:spruce_log":21,"minecraft:grass":3,"minecraft:coal_ore":57,"minecraft:cobweb":1,"minecraft:dirt":22,"minecraft:packed_ice":1,"spore:iron_ladder":2,"minecraft:polished_blackstone":1,"minecraft:stone":21,"minecraft:iron_block":2,"minecraft:spruce_slab":2,"spore:lab_block":1},"minecraft:picked_up":{"spore:cdu":2,"minecraft:charcoal":48,"minecraft:crafting_table":1,"minecraft:wheat":1,"minecraft:cooked_beef":6,"minecraft:splash_potion":1,"minecraft:packed_ice":234,"minecraft:smithing_table":1,"minecraft:potato":3,"minecraft:ice":136,"spore:lab_block3":1,"minecraft:stripped_spruce_wood":2,"minecraft:brewing_stand":1,"minecraft:shield":1,"minecraft:string":7,"minecraft:dirt":47,"minecraft:red_bed":1,"minecraft:raw_copper":14,"apocalypsenow:cooked_human_flesh":2,"minecraft:white_carpet":11,"minecraft:bone":3,"spore:ice_canister":58,"minecraft:spruce_planks":2,"minecraft:grindstone":1,"minecraft:cooked_chicken":4,"minecraft:spruce_slab":1,"minecraft:chest":10,"minecraft:coal_block":22,"minecraft:sugar_cane":4,"minecraft:iron_sword":1,"minecraft:iron_boots":1,"minecraft:furnace":2,"spore:vent_door":3,"minecraft:milk_bucket":1,"minecraft:stick":6,"minecraft:raw_iron":1,"minecraft:snow_block":119,"minecraft:amethyst_shard":6,"minecraft:spruce_sapling":8,"minecraft:blast_furnace":1,"minecraft:carrot":3,"minecraft:white_bed":1,"minecraft:spruce_log":21,"minecraft:spruce_door":2,"minecraft:spider_eye":2,"spore:vent_plate":12,"spore:iron_ladder":2,"minecraft:deepslate_bricks":2,"minecraft:lever":1,"minecraft:blue_ice":288,"minecraft:iron_block":5,"minecraft:golden_apple":1,"minecraft:polished_blackstone_brick_wall":1,"minecraft:polished_blackstone":1,"minecraft:coal":135,"minecraft:snowball":3,"minecraft:cobblestone":27},"minecraft:crafted":{"minecraft:stone_shovel":1,"minecraft:crafting_table":1,"minecraft:spruce_planks":92,"minecraft:wooden_pickaxe":1,"minecraft:stone_axe":1,"minecraft:air":0,"minecraft:spruce_slab":6,"minecraft:stick":8,"apocalypsenow:cooked_human_flesh":7,"minecraft:stone_pickaxe":1,"minecraft:stone_sword":1,"minecraft:chest":2,"minecraft:torch":12},"minecraft:dropped":{"minecraft:cooked_beef":2,"minecraft:stick":1,"apocalypsenow:cooked_human_flesh":4,"minecraft:string":1,"minecraft:spruce_sapling":1},"minecraft:custom":{"minecraft:interact_with_furnace":8,"minecraft:mob_kills":20,"minecraft:interact_with_crafting_table":5,"minecraft:open_barrel":7,"minecraft:leave_game":3,"minecraft:time_since_death":36611,"minecraft:climb_one_cm":13458,"minecraft:time_since_rest":35560,"minecraft:open_enderchest":2,"minecraft:walk_one_cm":235021,"minecraft:sprint_one_cm":229031,"minecraft:damage_taken":1866,"minecraft:damage_absorbed":40,"minecraft:drop":8,"minecraft:damage_dealt":4538,"minecraft:talked_to_villager":6,"minecraft:swim_one_cm":6048,"minecraft:fly_one_cm":273734,"minecraft:open_chest":41,"minecraft:crouch_one_cm":12493,"minecraft:play_time":91021,"tombstone:undead_killed":1,"minecraft:deaths":5,"minecraft:sneak_time":5909,"minecraft:walk_under_water_one_cm":2956,"minecraft:jump":1281,"minecraft:walk_on_water_one_cm":17277,"minecraft:total_world_time":91021,"minecraft:fall_one_cm":22520},"minecraft:killed_by":{"spore:inf_hazmat":3,"spore:volatile":1,"spore:spitter":1},"minecraft:used":{"apocalypsenow:cooked_human_flesh":5,"minecraft:stone_sword":113,"minecraft:spruce_slab":4,"minecraft:stone_shovel":32,"minecraft:stone_pickaxe":95,"minecraft:spruce_planks":10,"minecraft:chest":6,"minecraft:wooden_pickaxe":15,"minecraft:torch":2,"minecraft:golden_apple":1,"spore:vent_door":1,"minecraft:dirt":46,"minecraft:sand":1,"minecraft:white_carpet":11,"minecraft:crafting_table":2,"spore:lab_block3":1,"minecraft:red_bed":1,"minecraft:blast_furnace":1,"minecraft:carrot":5,"minecraft:spider_eye":1,"minecraft:blue_ice":20,"minecraft:snowball":9,"minecraft:lever":1,"minecraft:packed_ice":17,"minecraft:bread":3,"spore:iron_ladder":1,"minecraft:iron_helmet":1,"minecraft:iron_boots":1,"minecraft:stone_axe":39,"minecraft:cobblestone":8,"minecraft:furnace":2,"minecraft:smithing_table":1,"tombstone:gift":2,"minecraft:cooked_beef":1,"minecraft:iron_leggings":1}},"DataVersion":3120}