{"stats":{"minecraft:killed":{"spore:inf_hazmat":6,"minecraft:spider":14,"spore:inf_player":2,"minecraft:rabbit":1,"minecraft:creeper":6,"spore:inf_pillager":2,"spore:inf_villager":1,"minecraft:zombie":3,"spore:inf_human":2,"minecraft:stray":1,"spore:busser":1},"minecraft:mined":{"minecraft:spruce_planks":2,"minecraft:white_bed":1,"minecraft:brewing_stand":1,"spore:lab_block3":2,"minecraft:lever":1,"minecraft:grass_block":25,"minecraft:white_stained_glass":3,"minecraft:coal_block":16,"minecraft:polished_andesite_slab":2,"minecraft:birch_slab":1,"minecraft:spruce_leaves":10,"minecraft:smooth_stone":1,"minecraft:furnace":4,"minecraft:carrots":1,"minecraft:iron_ore":1,"minecraft:snow":2,"spore:cdu":3,"minecraft:lantern":1,"minecraft:packed_ice":7,"minecraft:stone":43,"minecraft:iron_block":2,"minecraft:spruce_slab":2,"minecraft:tripwire":2,"spore:lab_block":1,"spore:vent_plate":2,"minecraft:smithing_table":2,"minecraft:red_bed":2,"spore:vent_door":3,"minecraft:snow_block":1,"minecraft:amethyst_cluster":3,"minecraft:polished_blackstone_brick_wall":1,"minecraft:spruce_door":2,"minecraft:powder_snow":72,"minecraft:crafting_table":2,"minecraft:chest":13,"minecraft:copper_ore":4,"minecraft:grindstone":1,"minecraft:blue_bed":1,"minecraft:wall_torch":2,"minecraft:blue_ice":20,"minecraft:white_carpet":11,"minecraft:spruce_log":27,"minecraft:grass":3,"minecraft:coal_ore":57,"minecraft:dirt":66,"minecraft:cobweb":1,"minecraft:stonecutter":1,"minecraft:polished_blackstone":1,"spore:iron_ladder":3},"minecraft:picked_up":{"minecraft:charcoal":48,"minecraft:crafting_table":2,"minecraft:wheat":1,"minecraft:splash_potion":1,"minecraft:smithing_table":2,"minecraft:packed_ice":234,"spore:lab_block3":3,"minecraft:brewing_stand":1,"minecraft:shield":1,"minecraft:string":15,"minecraft:red_bed":2,"minecraft:raw_copper":14,"tacz:ammo":60,"minecraft:white_carpet":11,"minecraft:smooth_stone":1,"spore:ice_canister":58,"minecraft:spruce_planks":2,"minecraft:spruce_slab":1,"minecraft:sugar_cane":6,"minecraft:coal_block":35,"minecraft:chest":13,"minecraft:iron_boots":1,"minecraft:furnace":4,"minecraft:stick":6,"minecraft:raw_iron":1,"minecraft:copper_ingot":14,"minecraft:torch":2,"minecraft:snow_block":119,"minecraft:carrot":3,"minecraft:rotten_flesh":3,"spore:iron_ladder":2,"minecraft:deepslate_bricks":2,"minecraft:iron_block":5,"minecraft:polished_blackstone":1,"minecraft:snowball":7,"minecraft:cobblestone":49,"spore:cdu":3,"minecraft:cooked_beef":6,"minecraft:birch_slab":1,"minecraft:potato":3,"minecraft:ice":136,"minecraft:stripped_spruce_wood":2,"minecraft:gunpowder":4,"minecraft:dirt":98,"minecraft:blue_bed":1,"minecraft:lantern":1,"apocalypsenow:cooked_human_flesh":2,"minecraft:bone":4,"apocalypsenow:life_jacket_bullet_helmet_helmet":1,"minecraft:stonecutter":1,"minecraft:rabbit_hide":1,"minecraft:grindstone":1,"minecraft:cooked_chicken":4,"spore:mutated_fiber":1,"minecraft:polished_andesite_slab":1,"minecraft:iron_sword":1,"spore:vent_door":3,"minecraft:milk_bucket":1,"spore:armor_fragment":1,"minecraft:amethyst_shard":6,"minecraft:spruce_sapling":9,"minecraft:blast_furnace":1,"minecraft:white_bed":1,"minecraft:spruce_log":27,"minecraft:spider_eye":3,"minecraft:spruce_door":2,"minecraft:bundle":1,"spore:claw_fragment":2,"spore:vent_plate":20,"tacz:modern_kinetic_gun":2,"minecraft:lever":1,"minecraft:blue_ice":288,"minecraft:golden_apple":1,"minecraft:polished_blackstone_brick_wall":1,"minecraft:coal":148},"minecraft:crafted":{"minecraft:coal":288,"minecraft:stone_shovel":1,"minecraft:spruce_slab":6,"minecraft:stone_pickaxe":1,"minecraft:chest":2,"minecraft:crafting_table":1,"minecraft:spruce_planks":92,"minecraft:baked_potato":10,"minecraft:wooden_pickaxe":1,"minecraft:spruce_door":3,"tacz:gun_smith_table":1,"minecraft:stone_axe":1,"minecraft:air":0,"minecraft:stick":16,"minecraft:iron_ingot":45,"apocalypsenow:cooked_human_flesh":7,"minecraft:iron_pickaxe":1,"minecraft:iron_block":1,"minecraft:stone_sword":1,"minecraft:torch":12},"minecraft:dropped":{"minecraft:cooked_beef":2,"minecraft:stick":1,"tombstone:grave_dust":1,"tacz:modern_kinetic_gun":1,"minecraft:string":1,"minecraft:spruce_sapling":1,"spore:iron_ladder":1,"minecraft:sugar_cane":6,"apocalypsenow:cooked_human_flesh":4,"tacz:ammo":30,"apocalypsenow:life_jacket_bullet_helmet_helmet":1},"minecraft:custom":{"minecraft:interact_with_smithing_table":1,"minecraft:mob_kills":39,"minecraft:interact_with_crafting_table":13,"minecraft:open_barrel":7,"minecraft:leave_game":3,"minecraft:time_since_death":66611,"minecraft:climb_one_cm":26827,"minecraft:sprint_one_cm":346928,"minecraft:walk_one_cm":377347,"minecraft:drop":14,"minecraft:talked_to_villager":6,"minecraft:play_time":121021,"minecraft:deaths":5,"minecraft:sneak_time":6765,"minecraft:walk_under_water_one_cm":24448,"minecraft:jump":2143,"minecraft:walk_on_water_one_cm":33638,"minecraft:total_world_time":121021,"minecraft:interact_with_furnace":16,"minecraft:sleep_in_bed":1,"minecraft:time_since_rest":1527,"minecraft:open_enderchest":2,"minecraft:damage_taken":2386,"minecraft:damage_absorbed":40,"minecraft:damage_dealt":5544,"minecraft:swim_one_cm":24336,"minecraft:fly_one_cm":449030,"minecraft:open_chest":103,"minecraft:crouch_one_cm":15263,"tombstone:undead_killed":4,"minecraft:fall_one_cm":41409},"minecraft:broken":{"minecraft:stone_sword":1,"minecraft:stone_pickaxe":1},"minecraft:killed_by":{"spore:inf_hazmat":3,"spore:volatile":1,"spore:spitter":1},"minecraft:used":{"minecraft:stone_sword":129,"minecraft:stone_shovel":84,"minecraft:spruce_slab":4,"tacz:gun_smith_table":1,"minecraft:chest":15,"minecraft:spruce_planks":25,"minecraft:iron_sword":18,"minecraft:cooked_chicken":4,"minecraft:torch":2,"spore:vent_door":1,"minecraft:dirt":50,"minecraft:white_carpet":11,"spore:lab_block3":2,"minecraft:carrot":5,"minecraft:snowball":9,"minecraft:packed_ice":96,"minecraft:lantern":1,"minecraft:iron_helmet":1,"minecraft:iron_boots":1,"minecraft:bow":40,"minecraft:furnace":4,"tombstone:gift":2,"minecraft:potato":3,"minecraft:cooked_beef":4,"minecraft:iron_leggings":1,"apocalypsenow:cooked_human_flesh":5,"minecraft:spruce_door":1,"minecraft:stone_pickaxe":131,"minecraft:baked_potato":3,"minecraft:wooden_pickaxe":15,"minecraft:stonecutter":1,"minecraft:blue_bed":1,"minecraft:golden_apple":1,"minecraft:sand":1,"minecraft:crafting_table":3,"minecraft:red_bed":2,"minecraft:blast_furnace":1,"minecraft:spider_eye":2,"minecraft:blue_ice":20,"minecraft:lever":1,"minecraft:bread":3,"minecraft:string":2,"spore:iron_ladder":1,"minecraft:iron_pickaxe":19,"minecraft:stone_axe":53,"minecraft:cobblestone":10,"minecraft:smithing_table":2,"minecraft:ice":10,"minecraft:smooth_stone":1}},"DataVersion":3120}