{"stats":{"minecraft:mined":{"minecraft:dirt":6,"minecraft:spruce_leaves":3,"minecraft:spruce_log":7,"minecraft:powder_snow":14},"minecraft:used":{"minecraft:dirt":6},"minecraft:picked_up":{"minecraft:stick":5,"minecraft:spruce_sapling":7,"minecraft:spruce_log":7,"minecraft:dirt":6},"minecraft:custom":{"minecraft:time_since_rest":20319,"minecraft:crouch_one_cm":1849,"minecraft:sprint_one_cm":13657,"minecraft:play_time":20319,"minecraft:damage_taken":60,"minecraft:walk_one_cm":17361,"minecraft:sneak_time":529,"minecraft:walk_under_water_one_cm":810,"minecraft:drop":1,"minecraft:jump":121,"minecraft:walk_on_water_one_cm":1943,"minecraft:leave_game":2,"minecraft:time_since_death":20319,"minecraft:total_world_time":20319,"minecraft:swim_one_cm":3073,"minecraft:fall_one_cm":1734,"minecraft:fly_one_cm":6698},"minecraft:dropped":{"minecraft:spruce_sapling":1}},"DataVersion":3120}