{"stats":{"minecraft:custom":{"minecraft:interact_with_smithing_table":1,"minecraft:mob_kills":87,"minecraft:interact_with_crafting_table":30,"minecraft:open_barrel":14,"minecraft:damage_dealt_resisted":228,"minecraft:leave_game":11,"minecraft:time_since_death":21946,"minecraft:climb_one_cm":73073,"minecraft:sprint_one_cm":753496,"minecraft:walk_one_cm":801713,"minecraft:damage_blocked_by_shield":260,"minecraft:drop":63,"minecraft:talked_to_villager":10,"minecraft:play_time":311237,"minecraft:deaths":13,"minecraft:sneak_time":9569,"minecraft:walk_under_water_one_cm":161106,"minecraft:jump":4973,"minecraft:interact_with_blast_furnace":6,"minecraft:walk_on_water_one_cm":139528,"minecraft:total_world_time":311237,"minecraft:interact_with_furnace":31,"minecraft:interact_with_stonecutter":2,"minecraft:sleep_in_bed":5,"minecraft:time_since_rest":21689,"minecraft:open_enderchest":4,"minecraft:damage_taken":6884,"minecraft:damage_absorbed":40,"minecraft:damage_dealt":14135,"minecraft:swim_one_cm":368734,"minecraft:fly_one_cm":1210407,"minecraft:open_chest":277,"minecraft:crouch_one_cm":21537,"tombstone:undead_killed":16,"minecraft:fall_one_cm":82789},"minecraft:crafted":{"minecraft:stone_shovel":1,"minecraft:coal":288,"minecraft:spyglass":1,"automobility:auto_mechanic_table":1,"minecraft:spruce_stairs":4,"minecraft:iron_axe":1,"minecraft:spruce_slab":6,"minecraft:stone_pickaxe":1,"minecraft:chest":2,"minecraft:coal_block":13,"automobility:crowbar":1,"minecraft:crafting_table":2,"minecraft:spruce_planks":228,"minecraft:wooden_pickaxe":1,"minecraft:baked_potato":10,"minecraft:spruce_door":6,"tacz:gun_smith_table":1,"minecraft:copper_ingot":46,"minecraft:stone_axe":1,"minecraft:bread":3,"minecraft:air":0,"minecraft:stick":24,"apocalypsenow:cooked_human_flesh":13,"minecraft:iron_ingot":99,"minecraft:iron_pickaxe":2,"minecraft:iron_block":1,"minecraft:stone_sword":1,"minecraft:iron_shovel":1,"minecraft:torch":12},"minecraft:picked_up":{"minecraft:charcoal":48,"minecraft:crafting_table":3,"minecraft:wheat":1,"minecraft:splash_potion":1,"minecraft:lead":2,"minecraft:smithing_table":3,"minecraft:packed_ice":460,"spore:lab_block3":8,"tombstone:grave_key":1,"minecraft:brewing_stand":1,"minecraft:shield":1,"minecraft:string":21,"minecraft:red_bed":3,"minecraft:raw_copper":60,"tacz:ammo":60,"minecraft:white_carpet":11,"spore:rusted_reinforced_door":5,"minecraft:smooth_stone":3,"apocalypsenow:snowghillie_helmet":1,"spore:ice_canister":109,"minecraft:spruce_planks":7,"minecraft:redstone_torch":2,"minecraft:spruce_slab":1,"minecraft:coal_block":51,"minecraft:sugar_cane":6,"minecraft:chest":31,"apocalypsenow:chinese_army_boots":1,"apocalypsenow:mexican_army_helmet":1,"minecraft:iron_boots":1,"minecraft:furnace":5,"minecraft:raw_iron":1,"minecraft:stick":6,"spore:tumor":2,"minecraft:copper_ingot":15,"minecraft:torch":6,"apocalypsenow:soviet_ushanka_helmet":1,"minecraft:snow_block":209,"tombstone:grave_dust":1,"minecraft:carrot":3,"minecraft:arrow":5,"minecraft:rotten_flesh":12,"spore:iron_ladder":6,"minecraft:deepslate_bricks":2,"minecraft:iron_block":11,"minecraft:polished_blackstone":2,"minecraft:snowball":17,"minecraft:cobblestone":86,"spore:cdu":5,"minecraft:cooked_beef":6,"minecraft:birch_slab":3,"minecraft:salmon":9,"minecraft:leather":4,"minecraft:potato":3,"minecraft:ochre_froglight":1,"minecraft:ice":248,"minecraft:stripped_spruce_wood":42,"minecraft:gunpowder":4,"minecraft:blue_bed":2,"minecraft:dirt":144,"minecraft:lantern":2,"minecraft:light_gray_concrete_powder":3,"apocalypsenow:cooked_human_flesh":2,"minecraft:bone":8,"apocalypsenow:life_jacket_bullet_helmet_helmet":1,"minecraft:stone_bricks":5,"minecraft:stonecutter":2,"apocalypsenow:human_flesh":1,"automobility:auto_mechanic_table":1,"minecraft:rabbit_hide":1,"minecraft:grindstone":1,"minecraft:iron_ingot":1,"minecraft:cooked_chicken":4,"spore:mutated_fiber":36,"apocalypsenow:military_riot_armor_chestplate":1,"tacz:gun_smith_table":1,"minecraft:polished_andesite_slab":1,"minecraft:iron_sword":2,"spore:vent_door":3,"minecraft:polished_andesite_stairs":1,"spore:cerebrum":2,"minecraft:milk_bucket":1,"minecraft:chiseled_stone_bricks":1,"spore:armor_fragment":8,"minecraft:gravel":1,"minecraft:amethyst_shard":18,"minecraft:stripped_spruce_log":3,"minecraft:spruce_sapling":9,"minecraft:blast_furnace":2,"minecraft:white_bed":1,"minecraft:spruce_log":28,"minecraft:spider_eye":3,"minecraft:spruce_door":2,"minecraft:bundle":3,"spore:claw_fragment":8,"spore:vent_plate":27,"minecraft:polished_andesite":3,"tacz:modern_kinetic_gun":3,"minecraft:lever":5,"minecraft:iron_helmet":2,"minecraft:blue_ice":538,"minecraft:bone_meal":2,"minecraft:golden_apple":1,"minecraft:polished_blackstone_brick_wall":2,"tombstone:magic_scroll":1,"minecraft:coal":150},"minecraft:broken":{"minecraft:stone_sword":1,"minecraft:stone_pickaxe":1,"minecraft:iron_pickaxe":1},"minecraft:killed":{"spore:inf_hazmat":9,"apocalypsenow:soldiers_02":1,"apocalypsenow:looter_1":1,"minecraft:spider":14,"minecraft:skeleton":3,"minecraft:drowned":3,"apocalypsenow:runner_38":1,"spore:inf_player":2,"spore:inf_wanderer":2,"minecraft:salmon":9,"minecraft:rabbit":1,"spore:scamper":2,"spore:inf_drowned":3,"minecraft:creeper":7,"spore:inf_pillager":2,"spore:inf_villager":8,"minecraft:trader_llama":4,"minecraft:zombie":8,"spore:inf_human":4,"minecraft:stray":1,"spore:busser":1,"spore:inf_husk":1,"spore:knight":1},"minecraft:dropped":{"minecraft:iron_sword":1,"minecraft:cooked_beef":2,"minecraft:iron_helmet":1,"spore:lab_block3":3,"apocalypsenow:soviet_ushanka_helmet":1,"minecraft:birch_slab":1,"minecraft:stick":1,"apocalypsenow:chinese_army_boots":1,"minecraft:dirt":3,"minecraft:torch":1,"tombstone:grave_key":1,"spore:tumor":2,"minecraft:snowball":10,"tombstone:grave_dust":1,"tacz:modern_kinetic_gun":2,"minecraft:polished_andesite_stairs":1,"minecraft:string":1,"minecraft:spruce_sapling":1,"spore:iron_ladder":3,"minecraft:sugar_cane":6,"minecraft:lever":3,"spore:vent_plate":7,"minecraft:rotten_flesh":4,"apocalypsenow:mexican_army_helmet":1,"spore:mutated_fiber":13,"spore:rusted_reinforced_door":3,"minecraft:chiseled_stone_bricks":1,"apocalypsenow:military_riot_armor_chestplate":1,"minecraft:spruce_planks":1,"minecraft:bundle":2,"apocalypsenow:snowghillie_helmet":1,"apocalypsenow:cooked_human_flesh":4,"minecraft:redstone_torch":1,"tacz:ammo":30,"minecraft:arrow":13,"apocalypsenow:life_jacket_bullet_helmet_helmet":1,"spore:armor_fragment":2},"minecraft:used":{"minecraft:stone_sword":129,"minecraft:spruce_slab":4,"minecraft:stone_shovel":109,"minecraft:polished_blackstone":1,"minecraft:chest":33,"minecraft:spruce_planks":102,"tacz:gun_smith_table":2,"minecraft:shield":6,"minecraft:iron_sword":250,"minecraft:cooked_chicken":4,"minecraft:torch":4,"spore:vent_door":1,"minecraft:brewing_stand":1,"minecraft:spyglass":15,"minecraft:dirt":141,"minecraft:white_carpet":11,"spore:lab_block3":4,"minecraft:spruce_stairs":4,"minecraft:carrot":5,"minecraft:snowball":9,"minecraft:packed_ice":111,"minecraft:lantern":2,"spore:sausage":1,"minecraft:polished_blackstone_brick_wall":1,"minecraft:iron_helmet":2,"minecraft:iron_boots":1,"minecraft:stone_bricks":1,"minecraft:bow":57,"minecraft:furnace":5,"spore:heart_kebab":1,"tombstone:gift":8,"minecraft:potato":3,"minecraft:cooked_beef":4,"minecraft:stripped_spruce_wood":9,"minecraft:iron_leggings":1,"apocalypsenow:cooked_human_flesh":11,"minecraft:spruce_door":3,"minecraft:stone_pickaxe":131,"minecraft:polished_andesite":1,"minecraft:baked_potato":10,"minecraft:wooden_pickaxe":15,"minecraft:blue_bed":2,"minecraft:stonecutter":1,"minecraft:deepslate_bricks":2,"minecraft:golden_apple":1,"minecraft:sand":1,"minecraft:crafting_table":5,"minecraft:spider_eye":2,"minecraft:red_bed":3,"minecraft:blast_furnace":2,"minecraft:blue_ice":70,"minecraft:light_gray_concrete_powder":3,"minecraft:ochre_froglight":1,"minecraft:spruce_log":1,"minecraft:lever":1,"automobility:auto_mechanic_table":2,"minecraft:iron_pickaxe":256,"spore:iron_ladder":2,"minecraft:bread":34,"minecraft:string":2,"minecraft:gravel":1,"minecraft:spruce_sapling":1,"minecraft:stone_axe":127,"minecraft:fishing_rod":36,"minecraft:cobblestone":46,"minecraft:smithing_table":3,"minecraft:ice":41,"minecraft:smooth_stone":2},"minecraft:mined":{"minecraft:spruce_planks":8,"minecraft:white_bed":1,"minecraft:brewing_stand":1,"spore:lab_block3":7,"minecraft:lever":1,"minecraft:grass_block":42,"minecraft:white_stained_glass":3,"minecraft:coal_block":33,"minecraft:polished_andesite_slab":2,"minecraft:spruce_leaves":10,"minecraft:birch_slab":3,"automobility:auto_mechanic_table":1,"tacz:gun_smith_table":1,"minecraft:smooth_stone":4,"minecraft:furnace":5,"minecraft:carrots":1,"minecraft:iron_ore":1,"minecraft:snow":2,"spore:cdu":5,"minecraft:stripped_spruce_log":3,"minecraft:lantern":2,"minecraft:packed_ice":27,"minecraft:stone":69,"minecraft:iron_block":8,"minecraft:spruce_slab":2,"spore:lab_block":1,"minecraft:tripwire":2,"spore:vent_plate":4,"minecraft:smithing_table":3,"minecraft:red_bed":3,"spore:vent_door":3,"minecraft:snow_block":1,"minecraft:amethyst_cluster":6,"minecraft:polished_blackstone_brick_wall":2,"minecraft:spruce_door":2,"minecraft:powder_snow":72,"minecraft:crafting_table":3,"minecraft:blast_furnace":1,"minecraft:chest":31,"minecraft:copper_ore":16,"minecraft:cobblestone":6,"minecraft:grindstone":1,"minecraft:blue_bed":2,"minecraft:wall_torch":2,"minecraft:stripped_spruce_wood":40,"minecraft:ice":4,"minecraft:blue_ice":148,"minecraft:spruce_log":28,"minecraft:white_carpet":11,"minecraft:grass":3,"minecraft:coal_ore":58,"minecraft:ochre_froglight":1,"minecraft:dirt":79,"minecraft:cobweb":7,"minecraft:stone_bricks":5,"minecraft:stonecutter":2,"minecraft:polished_blackstone":2,"spore:iron_ladder":6},"minecraft:killed_by":{"spore:inf_hazmat":3,"spore:volatile":1,"spore:thorn":1,"spore:usurper":1,"spore:inquisitor":2,"spore:spitter":1,"spore:inf_player":1,"spore:braiomil":1,"spore:wendigo":1}},"DataVersion":3120}