{"stats":{"minecraft:broken":{"minecraft:stone_pickaxe":1,"minecraft:stone_axe":1,"minecraft:stone_shovel":1,"minecraft:stone_sword":1,"minecraft:iron_pickaxe":1},"minecraft:dropped":{"minecraft:iron_sword":1,"minecraft:cooked_beef":2,"spore:lab_block3":3,"apocalypsenow:soviet_ushanka_helmet":1,"minecraft:birch_slab":1,"minecraft:dirt":3,"minecraft:snowball":15,"minecraft:sugar_cane":6,"minecraft:spyglass":3,"minecraft:lever":3,"spore:vent_plate":7,"minecraft:rotten_flesh":4,"minecraft:light_gray_carpet":3,"apocalypsenow:mexican_army_helmet":1,"minecraft:chiseled_stone_bricks":1,"apocalypsenow:snowghillie_helmet":1,"apocalypsenow:cooked_human_flesh":4,"minecraft:arrow":13,"apocalypsenow:life_jacket_bullet_helmet_helmet":1,"spore:armor_fragment":2,"minecraft:iron_helmet":1,"minecraft:stick":1,"apocalypsenow:chinese_army_boots":1,"minecraft:torch":1,"tombstone:grave_key":1,"spore:tumor":2,"tombstone:grave_dust":1,"tacz:modern_kinetic_gun":3,"minecraft:polished_andesite_stairs":1,"minecraft:string":1,"minecraft:spruce_sapling":1,"spore:iron_ladder":3,"minecraft:white_carpet":9,"spore:mutated_fiber":13,"spore:rusted_reinforced_door":3,"apocalypsenow:military_riot_armor_chestplate":1,"minecraft:bundle":2,"minecraft:spruce_planks":1,"minecraft:redstone_torch":1,"tacz:ammo":30},"minecraft:picked_up":{"minecraft:wheat":1,"minecraft:smithing_table":3,"minecraft:lead":2,"tombstone:grave_key":1,"minecraft:brewing_stand":1,"minecraft:string":24,"minecraft:raw_copper":60,"spore:rusted_reinforced_door":5,"apocalypsenow:snowghillie_helmet":1,"minecraft:smooth_stone":3,"minecraft:spruce_planks":7,"minecraft:redstone_torch":2,"minecraft:coal_block":51,"apocalypsenow:chinese_army_boots":1,"minecraft:iron_boots":1,"minecraft:furnace":6,"minecraft:stick":6,"minecraft:torch":6,"apocalypsenow:soviet_ushanka_helmet":1,"minecraft:snow_block":209,"tombstone:grave_dust":1,"minecraft:rotten_flesh":12,"spore:iron_ladder":6,"minecraft:iron_block":11,"minecraft:snowball":27,"minecraft:cobblestone":119,"minecraft:cooked_beef":8,"minecraft:birch_slab":3,"minecraft:andesite":2,"minecraft:potato":3,"minecraft:stripped_spruce_wood":42,"minecraft:dirt":171,"minecraft:lantern":2,"minecraft:light_gray_concrete_powder":3,"minecraft:bone":8,"minecraft:stonecutter":2,"apocalypsenow:human_flesh":4,"minecraft:grindstone":1,"minecraft:rabbit":1,"tacz:gun_smith_table":1,"spore:vent_door":3,"spore:cerebrum":2,"spore:armor_fragment":8,"minecraft:sand":43,"minecraft:stripped_spruce_log":3,"minecraft:bundle":3,"spore:claw_fragment":8,"minecraft:polished_andesite":3,"minecraft:lever":5,"minecraft:blue_ice":538,"minecraft:bone_meal":2,"minecraft:golden_apple":1,"minecraft:light_gray_carpet":3,"minecraft:charcoal":48,"minecraft:crafting_table":4,"minecraft:splash_potion":1,"minecraft:packed_ice":460,"spore:lab_block3":8,"minecraft:shield":1,"minecraft:red_bed":5,"minecraft:white_carpet":20,"tacz:ammo":120,"spore:ice_canister":109,"minecraft:spruce_slab":1,"minecraft:sugar_cane":6,"minecraft:chest":31,"apocalypsenow:mexican_army_helmet":1,"spore:tumor":2,"minecraft:raw_iron":1,"minecraft:copper_ingot":15,"minecraft:carrot":3,"minecraft:arrow":5,"minecraft:deepslate_bricks":2,"minecraft:polished_blackstone":2,"spore:cdu":5,"minecraft:salmon":9,"minecraft:leather":4,"minecraft:ochre_froglight":1,"minecraft:ice":248,"minecraft:gunpowder":4,"minecraft:blue_bed":2,"apocalypsenow:cooked_human_flesh":2,"apocalypsenow:life_jacket_bullet_helmet_helmet":1,"minecraft:stone_bricks":5,"automobility:auto_mechanic_table":1,"minecraft:rabbit_hide":1,"minecraft:iron_ingot":1,"minecraft:cooked_chicken":8,"spore:mutated_fiber":42,"apocalypsenow:military_riot_armor_chestplate":1,"minecraft:polished_andesite_slab":1,"minecraft:iron_sword":2,"minecraft:polished_andesite_stairs":1,"minecraft:milk_bucket":1,"minecraft:chiseled_stone_bricks":1,"minecraft:spyglass":3,"minecraft:gravel":1,"minecraft:amethyst_shard":18,"minecraft:spruce_sapling":9,"minecraft:blast_furnace":2,"minecraft:white_bed":1,"minecraft:spruce_log":34,"minecraft:spruce_door":2,"minecraft:spider_eye":3,"spore:vent_plate":27,"tacz:modern_kinetic_gun":4,"minecraft:iron_helmet":2,"minecraft:polished_blackstone_brick_wall":2,"tombstone:magic_scroll":1,"minecraft:coal":152},"minecraft:killed_by":{"spore:volatile":1,"spore:inquisitor":2,"spore:spitter":1,"spore:inf_player":1,"spore:braiomil":1,"spore:wendigo":1,"spore:inf_hazmat":3,"spore:thorn":1,"spore:usurper":1},"minecraft:custom":{"minecraft:interact_with_crafting_table":31,"minecraft:open_barrel":14,"minecraft:leave_game":13,"minecraft:time_since_death":71648,"minecraft:sprint_one_cm":874359,"minecraft:damage_blocked_by_shield":370,"minecraft:drop":70,"minecraft:talked_to_villager":10,"minecraft:play_time":360939,"minecraft:deaths":13,"minecraft:jump":5825,"minecraft:walk_on_water_one_cm":146579,"minecraft:interact_with_furnace":43,"minecraft:sleep_in_bed":7,"minecraft:open_enderchest":4,"minecraft:damage_dealt":14425,"minecraft:crouch_one_cm":27114,"tombstone:undead_killed":16,"minecraft:interact_with_smithing_table":1,"minecraft:mob_kills":88,"minecraft:damage_dealt_resisted":228,"minecraft:climb_one_cm":79202,"minecraft:walk_one_cm":921041,"minecraft:sneak_time":11439,"minecraft:walk_under_water_one_cm":166325,"minecraft:interact_with_blast_furnace":6,"minecraft:total_world_time":360939,"minecraft:interact_with_stonecutter":2,"minecraft:time_since_rest":12672,"minecraft:damage_taken":7159,"minecraft:damage_absorbed":40,"minecraft:swim_one_cm":407951,"minecraft:fly_one_cm":1445847,"minecraft:open_chest":302,"minecraft:fall_one_cm":98914},"minecraft:killed":{"spore:inf_hazmat":9,"apocalypsenow:soldiers_02":1,"minecraft:spider":14,"minecraft:skeleton":3,"spore:inf_player":2,"spore:inf_wanderer":2,"minecraft:salmon":9,"spore:scamper":2,"spore:inf_drowned":3,"minecraft:creeper":7,"spore:inf_villager":8,"minecraft:trader_llama":4,"spore:inf_human":4,"minecraft:zombie":8,"minecraft:stray":1,"spore:knight":1,"apocalypsenow:looter_1":2,"minecraft:drowned":3,"apocalypsenow:runner_38":1,"minecraft:rabbit":1,"spore:inf_pillager":2,"spore:busser":1,"spore:inf_husk":2},"minecraft:mined":{"minecraft:spruce_planks":8,"minecraft:white_bed":1,"minecraft:brewing_stand":1,"minecraft:grass_block":60,"minecraft:coal_block":33,"tacz:gun_smith_table":1,"automobility:auto_mechanic_table":1,"minecraft:smooth_stone":4,"minecraft:iron_ore":1,"minecraft:iron_block":8,"minecraft:spruce_slab":2,"minecraft:tripwire":2,"minecraft:red_bed":5,"spore:vent_door":3,"minecraft:amethyst_cluster":6,"minecraft:powder_snow":72,"spore:growths_big":1,"minecraft:blast_furnace":1,"minecraft:chest":31,"minecraft:cobblestone":6,"minecraft:grindstone":1,"minecraft:wall_torch":2,"minecraft:blue_ice":148,"minecraft:grass":4,"minecraft:sand":42,"minecraft:dirt":85,"minecraft:stonecutter":2,"spore:iron_ladder":6,"minecraft:lever":1,"spore:lab_block3":7,"minecraft:white_stained_glass":3,"minecraft:polished_andesite_slab":2,"minecraft:birch_slab":3,"minecraft:spruce_leaves":11,"spore:growths_small":1,"minecraft:furnace":6,"minecraft:carrots":1,"minecraft:snow":8,"spore:cdu":5,"minecraft:andesite":3,"minecraft:stripped_spruce_log":3,"minecraft:lantern":2,"minecraft:packed_ice":39,"minecraft:stone":102,"spore:lab_block":1,"minecraft:smithing_table":3,"spore:vent_plate":4,"minecraft:light_gray_carpet":3,"minecraft:snow_block":2,"minecraft:polished_blackstone_brick_wall":2,"minecraft:spruce_door":2,"minecraft:crafting_table":4,"minecraft:copper_ore":16,"minecraft:blue_bed":2,"minecraft:stripped_spruce_wood":40,"minecraft:ice":4,"minecraft:white_carpet":20,"minecraft:spruce_log":35,"minecraft:coal_ore":60,"minecraft:ochre_froglight":1,"minecraft:cobweb":7,"minecraft:polished_blackstone":2,"minecraft:stone_bricks":5},"minecraft:crafted":{"automobility:auto_mechanic_table":1,"minecraft:chest":2,"minecraft:cooked_rabbit":1,"automobility:crowbar":1,"minecraft:crafting_table":3,"minecraft:spruce_planks":252,"minecraft:wooden_pickaxe":1,"minecraft:baked_potato":10,"minecraft:spruce_door":6,"minecraft:copper_ingot":46,"minecraft:stick":24,"minecraft:iron_ingot":99,"minecraft:iron_pickaxe":2,"minecraft:iron_block":1,"minecraft:stone_sword":1,"minecraft:snow_block":1,"minecraft:coal":288,"minecraft:stone_shovel":1,"minecraft:spyglass":1,"minecraft:furnace":1,"minecraft:spruce_stairs":4,"minecraft:iron_axe":1,"minecraft:spruce_slab":6,"minecraft:stone_pickaxe":1,"minecraft:coal_block":13,"tacz:gun_smith_table":1,"minecraft:cooked_salmon":9,"minecraft:stone_axe":1,"minecraft:bread":3,"minecraft:air":0,"apocalypsenow:cooked_human_flesh":16,"minecraft:iron_shovel":1,"minecraft:torch":12},"minecraft:used":{"minecraft:iron_shovel":46,"minecraft:spruce_slab":4,"minecraft:polished_blackstone":1,"minecraft:chest":33,"minecraft:shield":9,"minecraft:iron_sword":255,"spore:lab_block3":4,"minecraft:carrot":5,"minecraft:snowball":10,"minecraft:packed_ice":111,"minecraft:lantern":2,"minecraft:polished_blackstone_brick_wall":1,"minecraft:iron_helmet":2,"minecraft:stone_bricks":1,"minecraft:bow":57,"minecraft:furnace":6,"minecraft:potato":3,"minecraft:stripped_spruce_wood":9,"apocalypsenow:cooked_human_flesh":14,"minecraft:spruce_door":3,"minecraft:stone_pickaxe":131,"minecraft:wooden_pickaxe":15,"minecraft:blue_bed":2,"minecraft:golden_apple":1,"minecraft:sand":1,"minecraft:blast_furnace":2,"minecraft:blue_ice":70,"minecraft:ochre_froglight":1,"minecraft:lever":1,"automobility:auto_mechanic_table":2,"minecraft:bread":34,"minecraft:string":2,"minecraft:gravel":1,"minecraft:smithing_table":3,"minecraft:cooked_rabbit":1,"minecraft:ice":41,"minecraft:stone_sword":129,"minecraft:stone_shovel":132,"tacz:gun_smith_table":2,"minecraft:spruce_planks":102,"minecraft:cooked_salmon":9,"minecraft:cooked_chicken":4,"minecraft:torch":4,"spore:vent_door":1,"minecraft:brewing_stand":1,"minecraft:dirt":165,"minecraft:spyglass":47,"minecraft:white_carpet":11,"minecraft:spruce_stairs":4,"minecraft:iron_axe":5,"spore:sausage":1,"minecraft:iron_boots":1,"spore:heart_kebab":1,"tombstone:gift":8,"minecraft:cooked_beef":6,"minecraft:iron_leggings":1,"minecraft:snow_block":1,"minecraft:polished_andesite":1,"minecraft:baked_potato":10,"minecraft:stonecutter":1,"minecraft:deepslate_bricks":2,"minecraft:crafting_table":6,"minecraft:red_bed":5,"minecraft:spider_eye":2,"minecraft:light_gray_concrete_powder":3,"minecraft:spruce_log":1,"spore:iron_ladder":2,"minecraft:iron_pickaxe":308,"minecraft:spruce_sapling":1,"minecraft:stone_axe":131,"minecraft:fishing_rod":36,"minecraft:cobblestone":71,"minecraft:smooth_stone":2}},"DataVersion":3120}