{"stats":{"minecraft:killed_by":{"spore:busser":9,"spore:volatile":2,"minecraft:spider":1,"spore:inf_human":2,"spore:inquisitor":1,"spore:inf_pillager":2,"spore:inf_player":2,"spore:inf_villager":1,"minecraft:skeleton":6,"minecraft:zombie":2},"minecraft:custom":{"minecraft:mob_kills":133,"minecraft:interact_with_crafting_table":34,"minecraft:open_barrel":86,"minecraft:damage_dealt_resisted":2,"minecraft:leave_game":4,"minecraft:time_since_death":4964,"minecraft:sprint_one_cm":670889,"minecraft:walk_one_cm":563938,"minecraft:damage_blocked_by_shield":1730,"minecraft:drop":80,"minecraft:talked_to_villager":1,"minecraft:play_time":262982,"minecraft:sneak_time":13640,"minecraft:deaths":32,"minecraft:walk_under_water_one_cm":25544,"minecraft:boat_one_cm":37576,"minecraft:jump":4774,"minecraft:walk_on_water_one_cm":24838,"minecraft:total_world_time":262982,"minecraft:interact_with_furnace":38,"minecraft:sleep_in_bed":16,"minecraft:time_since_rest":4999,"minecraft:damage_taken":6669,"minecraft:damage_dealt":17142,"minecraft:swim_one_cm":59113,"minecraft:fly_one_cm":831830,"minecraft:player_kills":1,"minecraft:open_chest":50,"minecraft:crouch_one_cm":27494,"minecraft:fall_one_cm":118145,"minecraft:horse_one_cm":2697},"minecraft:dropped":{"apocalypsenow:human_flesh":4,"minecraft:bread":34,"minecraft:iron_ingot":16,"minecraft:iron_sword":1,"minecraft:porkchop":14,"minecraft:wheat_seeds":11,"minecraft:oak_log":2,"minecraft:crafting_table":1,"minecraft:feather":2,"minecraft:cobblestone":3,"apocalypsenow:black_football_armor_boots":1,"minecraft:leather":12,"minecraft:golden_apple":2,"minecraft:dirt":8,"minecraft:mutton":14,"tacz:modern_kinetic_gun":4,"minecraft:pumpkin":14,"apocalypsenow:taiga_1_survival_machete":1,"apocalypsenow:chinese_army_helmet":2,"minecraft:stone_axe":1,"minecraft:kelp":9,"minecraft:rotten_flesh":3,"minecraft:oak_planks":48,"minecraft:white_bed":1,"minecraft:poppy":3,"minecraft:shield":1,"minecraft:oak_sapling":1,"minecraft:spider_eye":4,"tacz:ammo":134,"apocalypsenow:fire_axe":1,"minecraft:beef":13,"firstaid:plaster":1,"minecraft:black_wool":1},"minecraft:broken":{"minecraft:stone_axe":1},"minecraft:picked_up":{"minecraft:iron_chestplate":12,"minecraft:crafting_table":10,"spore:mutated_heart":13,"minecraft:wheat":3,"minecraft:azure_bluet":3,"minecraft:chicken":5,"minecraft:wooden_pickaxe":4,"minecraft:shield":8,"minecraft:string":3,"minecraft:raw_copper":112,"minecraft:iron_leggings":12,"tacz:ammo":160,"minecraft:beef":34,"minecraft:red_dye":39,"apocalypsenow:fire_axe":1,"minecraft:sugar_cane":2,"minecraft:poppy":3,"minecraft:chest":13,"minecraft:furnace":1,"minecraft:iron_boots":9,"minecraft:egg":1,"spore:tumor":3,"minecraft:stick":16,"minecraft:raw_iron":106,"minecraft:oak_door":2,"minecraft:copper_ingot":18,"minecraft:torch":28,"minecraft:porkchop":44,"minecraft:diorite":11,"minecraft:carrot":13,"minecraft:stone_sword":1,"minecraft:arrow":92,"minecraft:stone_shovel":1,"minecraft:rotten_flesh":81,"minecraft:hay_block":13,"minecraft:blue_dye":5,"minecraft:iron_block":1,"spore:tendons":12,"minecraft:mutton":56,"minecraft:white_wool":34,"minecraft:cobblestone":304,"minecraft:oxeye_daisy":14,"spore:altered_spleen":2,"minecraft:feather":9,"minecraft:cooked_beef":12,"minecraft:andesite":32,"minecraft:leather":26,"minecraft:potato":21,"apocalypsenow:taiga_1_survival_machete":6,"minecraft:flint":6,"minecraft:oak_log":123,"minecraft:yellow_bed":10,"minecraft:gunpowder":4,"apocalypsenow:canned_tomatos":1,"minecraft:dirt":208,"minecraft:cooked_mutton":8,"apocalypsenow:chinese_army_helmet":4,"apocalypsenow:cooked_human_flesh":21,"minecraft:bone":17,"minecraft:apple":5,"minecraft:kelp":9,"minecraft:bow":10,"minecraft:wheat_seeds":101,"apocalypsenow:human_flesh":41,"apocalypsenow:money":1,"minecraft:iron_ingot":27,"minecraft:stone_pickaxe":5,"minecraft:cooked_chicken":49,"spore:mutated_fiber":66,"minecraft:fletching_table":5,"minecraft:glowstone_dust":2,"tacz:gun_smith_table":4,"minecraft:iron_sword":16,"minecraft:oak_planks":91,"firstaid:plaster":1,"spore:cerebrum":10,"minecraft:milk_bucket":8,"minecraft:cooked_porkchop":31,"minecraft:pumpkin":48,"spore:armor_fragment":66,"apocalypsenow:black_football_armor_boots":2,"minecraft:gravel":26,"minecraft:sand":21,"minecraft:amethyst_shard":6,"minecraft:white_bed":2,"apocalypsenow:canned_strawberry":2,"minecraft:spider_eye":2,"minecraft:barrel":2,"apocalypsenow:plastic":7,"spore:claw_fragment":6,"minecraft:stone_axe":12,"tacz:modern_kinetic_gun":9,"minecraft:iron_helmet":12,"minecraft:bone_meal":18,"minecraft:golden_apple":8,"minecraft:gray_wool":4,"minecraft:emerald":3,"minecraft:bread":221,"apocalypsenow:dead_cockroach":1,"spore:spine_fragment":11,"minecraft:oak_sapling":15,"minecraft:black_wool":2,"minecraft:coal":47},"minecraft:used":{"minecraft:stone_sword":13,"minecraft:stone_shovel":15,"tacz:gun_smith_table":4,"minecraft:chest":9,"minecraft:shield":54,"minecraft:iron_sword":281,"minecraft:cooked_chicken":1,"minecraft:oak_door":4,"minecraft:iron_chestplate":7,"minecraft:torch":29,"minecraft:dirt":83,"minecraft:carrot":4,"apocalypsenow:black_football_armor_boots":2,"minecraft:azure_bluet":2,"minecraft:iron_helmet":5,"minecraft:iron_boots":3,"minecraft:barrel":4,"minecraft:bow":3,"minecraft:oak_sapling":14,"minecraft:furnace":3,"apocalypsenow:taiga_1_survival_machete":18,"minecraft:egg":1,"minecraft:iron_leggings":4,"minecraft:cooked_mutton":1,"minecraft:diorite":3,"minecraft:stone_pickaxe":162,"minecraft:oak_planks":269,"minecraft:wooden_pickaxe":47,"minecraft:fletching_table":1,"minecraft:golden_apple":1,"minecraft:white_wool":5,"minecraft:crafting_table":7,"minecraft:white_bed":1,"minecraft:cod":1,"minecraft:bread":22,"minecraft:gravel":2,"minecraft:stone_axe":126,"minecraft:cobblestone":25,"minecraft:cooked_porkchop":4,"minecraft:yellow_bed":10},"minecraft:crafted":{"minecraft:oak_door":3,"minecraft:oak_planks":448,"minecraft:stone_shovel":2,"minecraft:cooked_chicken":2,"minecraft:furnace":2,"minecraft:cooked_mutton":1,"minecraft:stone_pickaxe":3,"minecraft:chest":2,"minecraft:wheat":117,"minecraft:cooked_porkchop":5,"minecraft:crafting_table":2,"minecraft:wooden_pickaxe":4,"tacz:gun_smith_table":1,"minecraft:stone_axe":3,"minecraft:bread":39,"minecraft:air":0,"minecraft:stick":40,"minecraft:iron_ingot":29,"minecraft:iron_block":1,"minecraft:stone_sword":1,"minecraft:torch":32},"minecraft:killed":{"apocalypsenow:crawler_3":1,"apocalypsenow:military_01":1,"apocalypsenow:looter_1":1,"spore:braiomil":1,"spore:leaper":1,"apocalypsenow:walker_29":1,"apocalypsenow:runner_39":1,"minecraft:skeleton":8,"apocalypsenow:walker_25":1,"minecraft:chicken":5,"apocalypsenow:runner_41":1,"apocalypsenow:runner_42":2,"apocalypsenow:walker_10":1,"apocalypsenow:walker_33":1,"minecraft:pig":12,"spore:inf_player":6,"minecraft:zombie_villager":1,"apocalypsenow:runner_40":2,"minecraft:iron_golem":1,"apocalypsenow:runner_52":1,"apocalypsenow:walker_11":1,"apocalypsenow:walker_23":1,"apocalypsenow:walker_7":1,"apocalypsenow:runner_54":1,"minecraft:creeper":1,"apocalypsenow:walker_5":1,"spore:inf_pillager":6,"minecraft:sheep":24,"spore:inf_villager":3,"minecraft:zombie":9,"spore:inf_human":8,"apocalypsenow:walker_17":2,"apocalypsenow:cockroach":1,"spore:inf_witch":1,"spore:inf_husk":3,"apocalypsenow:walker_28":1,"apocalypsenow:runner_51":1,"apocalypsenow:runner_55":1,"minecraft:cow":13},"minecraft:mined":{"spore:fungal_roots":2,"spore:wall_growths_big":7,"minecraft:white_bed":1,"minecraft:oak_sapling":1,"spore:wall_growths":2,"minecraft:grass_block":75,"spore:fungal_stem":5,"minecraft:kelp":2,"spore:rotten_bush":4,"tacz:gun_smith_table":2,"spore:growths_small":2,"spore:mycelium_veins":8,"minecraft:hay_block":13,"minecraft:tall_seagrass":10,"minecraft:carrots":4,"minecraft:iron_ore":40,"spore:blomfung":1,"minecraft:barrel":2,"minecraft:andesite":16,"minecraft:pumpkin":17,"spore:growth_mycelium":3,"minecraft:azure_bluet":2,"minecraft:potatoes":2,"minecraft:dirt_path":5,"minecraft:stone":102,"minecraft:kelp_plant":7,"spore:growths_big":7,"minecraft:crafting_table":8,"minecraft:poppy":1,"minecraft:chest":5,"minecraft:tall_grass":237,"minecraft:cobblestone":6,"minecraft:sugar_cane":1,"minecraft:oak_planks":27,"minecraft:diorite":7,"minecraft:seagrass":5,"spore:bloomfung2":27,"minecraft:wheat":6,"minecraft:birch_leaves":1,"minecraft:yellow_bed":9,"spore:fungal_stem_top":1,"minecraft:grass":156,"minecraft:coal_ore":38,"minecraft:oak_log":115,"minecraft:sand":21,"minecraft:gravel":17,"minecraft:dirt":48,"spore:hanging_fungal_stem":4,"minecraft:oak_leaves":19,"spore:remains":2}},"DataVersion":3120}