{"stats":{"minecraft:broken":{"minecraft:stone_pickaxe":1,"minecraft:stone_axe":1,"minecraft:stone_shovel":1,"minecraft:stone_sword":1,"minecraft:iron_pickaxe":1},"minecraft:picked_up":{"minecraft:wheat":1,"minecraft:smithing_table":3,"minecraft:lead":2,"tombstone:grave_key":1,"minecraft:brewing_stand":1,"minecraft:string":34,"minecraft:raw_copper":60,"spore:rusted_reinforced_door":5,"minecraft:cobbled_deepslate":1,"apocalypsenow:snowghillie_helmet":1,"minecraft:smooth_stone":3,"minecraft:spruce_planks":7,"minecraft:redstone_torch":2,"minecraft:coal_block":51,"apocalypsenow:chinese_army_boots":1,"minecraft:iron_boots":1,"minecraft:furnace":6,"minecraft:stick":6,"minecraft:torch":6,"apocalypsenow:soviet_ushanka_helmet":1,"minecraft:snow_block":209,"tombstone:grave_dust":1,"minecraft:rotten_flesh":22,"spore:iron_ladder":6,"minecraft:iron_block":11,"apocalypsenow:rusty_chestplate":1,"minecraft:snowball":27,"minecraft:cobblestone":119,"minecraft:cooked_beef":16,"minecraft:birch_slab":3,"minecraft:andesite":2,"minecraft:potato":3,"minecraft:stripped_spruce_wood":42,"minecraft:dirt":213,"minecraft:lantern":2,"minecraft:light_gray_concrete_powder":3,"minecraft:bone":10,"apocalypsenow:medical_storage":1,"apocalypsenow:prison_door":1,"apocalypsenow:human_flesh":15,"minecraft:stonecutter":2,"minecraft:wheat_seeds":6,"minecraft:grindstone":1,"apocalypsenow:broken_tv":1,"minecraft:rabbit":1,"tacz:gun_smith_table":1,"spore:vent_door":3,"spore:cerebrum":2,"apocalypsenow:trash_bin":1,"spore:armor_fragment":8,"minecraft:sand":43,"minecraft:stripped_spruce_log":3,"travelersbackpack:white_sleeping_bag":2,"minecraft:bundle":3,"spore:claw_fragment":8,"minecraft:polished_andesite":3,"minecraft:diamond":5,"minecraft:lever":5,"minecraft:blue_ice":538,"minecraft:bone_meal":2,"minecraft:golden_apple":1,"apocalypsenow:dead_cockroach":1,"minecraft:light_gray_carpet":3,"minecraft:charcoal":48,"minecraft:crafting_table":6,"minecraft:splash_potion":1,"minecraft:chicken":1,"minecraft:packed_ice":460,"spore:lab_block3":8,"minecraft:gold_block":2,"minecraft:shield":1,"minecraft:red_bed":5,"minecraft:white_carpet":20,"tacz:ammo":120,"spore:ice_canister":109,"minecraft:beef":9,"apocalypsenow:fire_axe":1,"minecraft:spruce_slab":1,"minecraft:sugar_cane":6,"minecraft:chest":31,"apocalypsenow:mexican_army_helmet":1,"minecraft:egg":1,"spore:tumor":2,"minecraft:raw_iron":1,"minecraft:copper_ingot":15,"minecraft:carrot":3,"minecraft:arrow":5,"minecraft:deepslate_bricks":2,"minecraft:polished_blackstone":2,"minecraft:white_wool":3,"spore:cdu":5,"minecraft:salmon":9,"minecraft:leather":4,"minecraft:ochre_froglight":1,"minecraft:ice":248,"minecraft:oak_log":11,"minecraft:gunpowder":6,"minecraft:blue_bed":3,"apocalypsenow:cooked_human_flesh":2,"apocalypsenow:life_jacket_bullet_helmet_helmet":1,"minecraft:stone_bricks":5,"automobility:auto_mechanic_table":1,"minecraft:rabbit_hide":1,"minecraft:iron_ingot":1,"minecraft:cooked_chicken":8,"spore:mutated_fiber":42,"apocalypsenow:military_riot_armor_chestplate":1,"minecraft:polished_andesite_slab":1,"minecraft:iron_sword":2,"apocalypsenow:makeshift_knife":1,"minecraft:polished_andesite_stairs":1,"minecraft:milk_bucket":1,"minecraft:sweet_berries":33,"minecraft:chiseled_stone_bricks":1,"minecraft:spyglass":3,"minecraft:gravel":4,"minecraft:amethyst_shard":18,"minecraft:spruce_sapling":9,"minecraft:blast_furnace":2,"minecraft:white_bed":1,"minecraft:spruce_log":34,"minecraft:spruce_door":2,"minecraft:spider_eye":3,"apocalypsenow:papertrash":1,"spore:vent_plate":27,"minecraft:purple_bed":1,"tacz:modern_kinetic_gun":4,"minecraft:iron_helmet":2,"minecraft:polished_blackstone_brick_wall":2,"tombstone:magic_scroll":1,"minecraft:coal":152},"minecraft:dropped":{"apocalypsenow:prison_door":1,"minecraft:iron_sword":1,"minecraft:cooked_beef":2,"spore:lab_block3":3,"apocalypsenow:soviet_ushanka_helmet":1,"minecraft:birch_slab":1,"minecraft:dirt":11,"minecraft:snowball":15,"minecraft:bone":2,"minecraft:sugar_cane":6,"minecraft:spyglass":3,"minecraft:lever":3,"minecraft:cooked_chicken":2,"spore:vent_plate":7,"minecraft:rotten_flesh":14,"minecraft:light_gray_carpet":3,"apocalypsenow:mexican_army_helmet":1,"minecraft:chiseled_stone_bricks":1,"apocalypsenow:snowghillie_helmet":1,"apocalypsenow:cooked_human_flesh":4,"minecraft:arrow":13,"apocalypsenow:life_jacket_bullet_helmet_helmet":1,"spore:armor_fragment":2,"apocalypsenow:makeshift_knife":1,"apocalypsenow:rusty_chestplate":1,"minecraft:iron_helmet":1,"minecraft:stick":1,"apocalypsenow:chinese_army_boots":1,"minecraft:torch":1,"tombstone:grave_key":1,"spore:tumor":2,"tombstone:grave_dust":1,"tacz:modern_kinetic_gun":3,"minecraft:polished_andesite_stairs":1,"minecraft:string":1,"minecraft:spruce_sapling":1,"spore:iron_ladder":3,"minecraft:white_carpet":9,"spore:mutated_fiber":13,"spore:rusted_reinforced_door":3,"minecraft:flint_and_steel":1,"apocalypsenow:military_riot_armor_chestplate":1,"minecraft:bundle":2,"minecraft:spruce_planks":1,"minecraft:redstone_torch":1,"tacz:ammo":30},"minecraft:killed_by":{"spore:volatile":1,"spore:inquisitor":2,"spore:spitter":1,"spore:inf_player":1,"spore:braiomil":1,"spore:wendigo":1,"spore:inf_hazmat":3,"spore:thorn":1,"spore:usurper":1},"minecraft:custom":{"minecraft:interact_with_crafting_table":33,"minecraft:open_barrel":14,"minecraft:leave_game":16,"minecraft:time_since_death":32935,"minecraft:sprint_one_cm":1004101,"minecraft:damage_blocked_by_shield":610,"minecraft:drop":87,"minecraft:talked_to_villager":10,"minecraft:play_time":416386,"minecraft:deaths":14,"minecraft:jump":6811,"minecraft:walk_on_water_one_cm":159242,"minecraft:interact_with_furnace":44,"minecraft:sleep_in_bed":7,"minecraft:open_enderchest":4,"minecraft:damage_dealt":15866,"minecraft:crouch_one_cm":43609,"tombstone:undead_killed":27,"minecraft:interact_with_smoker":5,"minecraft:interact_with_smithing_table":1,"minecraft:mob_kills":112,"minecraft:damage_dealt_resisted":228,"minecraft:climb_one_cm":79238,"minecraft:walk_one_cm":1130908,"minecraft:sneak_time":15113,"minecraft:walk_under_water_one_cm":175869,"minecraft:boat_one_cm":45534,"minecraft:interact_with_blast_furnace":6,"minecraft:total_world_time":416386,"minecraft:interact_with_stonecutter":2,"minecraft:time_since_rest":32689,"minecraft:damage_taken":8122,"minecraft:damage_absorbed":40,"minecraft:swim_one_cm":419941,"minecraft:fly_one_cm":1534934,"minecraft:open_chest":310,"minecraft:fall_one_cm":117413},"minecraft:killed":{"spore:inf_hazmat":9,"apocalypsenow:soldiers_02":1,"minecraft:spider":14,"minecraft:skeleton":4,"minecraft:chicken":1,"apocalypsenow:runner_42":1,"apocalypsenow:runner_41":1,"spore:inf_player":2,"spore:inf_wanderer":2,"minecraft:salmon":9,"spore:scamper":2,"spore:inf_drowned":3,"apocalypsenow:runner_54":1,"minecraft:creeper":9,"minecraft:sheep":3,"spore:inf_villager":8,"minecraft:trader_llama":4,"spore:inf_human":5,"minecraft:zombie":10,"minecraft:stray":1,"spore:knight":1,"minecraft:cow":3,"apocalypsenow:looter_1":3,"apocalypsenow:runner_37":1,"apocalypsenow:runner_39":1,"apocalypsenow:runner_35":1,"apocalypsenow:runner_53":1,"minecraft:drowned":3,"apocalypsenow:runner_38":1,"apocalypsenow:walker_30":1,"minecraft:rabbit":1,"spore:inf_pillager":3,"spore:busser":1,"spore:inf_husk":2},"minecraft:mined":{"minecraft:spruce_planks":8,"minecraft:white_bed":1,"minecraft:brewing_stand":1,"minecraft:grass_block":91,"minecraft:coal_block":33,"tacz:gun_smith_table":1,"automobility:auto_mechanic_table":1,"minecraft:smooth_stone":4,"apocalypsenow:trash_bin":1,"minecraft:iron_ore":1,"minecraft:sculk_shrieker":1,"apocalypsenow:broken_tv":1,"minecraft:dirt_path":2,"minecraft:iron_block":8,"minecraft:spruce_slab":2,"minecraft:tripwire":2,"minecraft:red_bed":5,"spore:vent_door":3,"minecraft:amethyst_cluster":6,"minecraft:powder_snow":72,"spore:growths_big":1,"minecraft:blast_furnace":1,"minecraft:chest":31,"minecraft:cobblestone":6,"minecraft:grindstone":1,"apocalypsenow:medical_storage":1,"minecraft:wall_torch":2,"apocalypsenow:prison_door":1,"minecraft:blue_ice":148,"minecraft:grass":12,"minecraft:oak_log":11,"minecraft:sand":42,"minecraft:dirt":99,"minecraft:stonecutter":2,"spore:iron_ladder":6,"minecraft:oak_leaves":6,"minecraft:deepslate":1,"minecraft:deepslate_diamond_ore":5,"minecraft:lever":1,"spore:lab_block3":7,"minecraft:white_stained_glass":3,"travelersbackpack:white_sleeping_bag":2,"minecraft:polished_andesite_slab":2,"minecraft:birch_slab":3,"minecraft:spruce_leaves":14,"spore:growths_small":1,"minecraft:large_fern":3,"minecraft:furnace":6,"minecraft:carrots":1,"minecraft:snow":8,"spore:cdu":5,"minecraft:andesite":3,"minecraft:stripped_spruce_log":3,"minecraft:gold_block":2,"minecraft:lantern":2,"minecraft:packed_ice":39,"minecraft:stone":106,"spore:lab_block":1,"apocalypsenow:electric_door":1,"minecraft:smithing_table":3,"spore:vent_plate":4,"minecraft:light_gray_carpet":3,"minecraft:snow_block":2,"minecraft:polished_blackstone_brick_wall":2,"minecraft:spruce_door":2,"minecraft:crafting_table":6,"minecraft:sculk_sensor":3,"minecraft:tall_grass":20,"minecraft:copper_ore":16,"minecraft:blue_bed":3,"minecraft:purple_bed":1,"minecraft:stripped_spruce_wood":40,"minecraft:sweet_berry_bush":1,"minecraft:ice":4,"minecraft:white_carpet":20,"minecraft:spruce_log":35,"minecraft:coal_ore":60,"minecraft:ochre_froglight":1,"apocalypsenow:papersvariant_2":1,"minecraft:gravel":3,"minecraft:cobweb":17,"minecraft:polished_blackstone":2,"minecraft:stone_bricks":5},"minecraft:crafted":{"minecraft:oak_planks":44,"automobility:auto_mechanic_table":1,"minecraft:chest":2,"minecraft:cooked_rabbit":1,"automobility:crowbar":1,"minecraft:crafting_table":3,"minecraft:spruce_planks":252,"minecraft:wooden_pickaxe":1,"minecraft:baked_potato":10,"minecraft:spruce_door":6,"minecraft:copper_ingot":46,"minecraft:stick":24,"minecraft:iron_ingot":99,"minecraft:iron_pickaxe":2,"minecraft:snow_block":1,"minecraft:iron_block":1,"minecraft:stone_sword":1,"minecraft:coal":288,"minecraft:stone_shovel":1,"minecraft:spyglass":1,"minecraft:furnace":1,"minecraft:spruce_stairs":4,"travelersbackpack:white_sleeping_bag":1,"minecraft:iron_axe":1,"minecraft:spruce_slab":6,"minecraft:stone_pickaxe":1,"minecraft:cooked_beef":5,"minecraft:coal_block":13,"tacz:gun_smith_table":1,"minecraft:cooked_salmon":9,"minecraft:stone_axe":1,"minecraft:bread":3,"minecraft:air":0,"minecraft:oak_boat":1,"minecraft:white_wool":3,"apocalypsenow:cooked_human_flesh":16,"minecraft:iron_shovel":1,"minecraft:torch":12},"minecraft:used":{"minecraft:iron_shovel":96,"minecraft:spruce_slab":4,"minecraft:polished_blackstone":1,"minecraft:chest":33,"minecraft:shield":18,"minecraft:iron_sword":304,"spore:lab_block3":4,"minecraft:carrot":5,"minecraft:snowball":10,"minecraft:packed_ice":111,"minecraft:lantern":2,"minecraft:polished_blackstone_brick_wall":1,"minecraft:iron_helmet":2,"minecraft:stone_bricks":1,"minecraft:bow":57,"minecraft:furnace":7,"minecraft:egg":1,"minecraft:potato":3,"minecraft:stripped_spruce_wood":9,"apocalypsenow:cooked_human_flesh":14,"minecraft:spruce_door":3,"minecraft:stone_pickaxe":131,"minecraft:wooden_pickaxe":15,"minecraft:blue_bed":2,"minecraft:golden_apple":1,"minecraft:golden_hoe":4,"minecraft:sand":1,"minecraft:blast_furnace":2,"minecraft:blue_ice":70,"minecraft:ochre_froglight":1,"minecraft:lever":1,"automobility:auto_mechanic_table":2,"minecraft:bread":34,"minecraft:string":2,"minecraft:gravel":4,"apocalypsenow:dead_cockroach":1,"minecraft:smithing_table":3,"minecraft:cooked_rabbit":1,"minecraft:andesite":2,"minecraft:ice":41,"minecraft:oak_boat":1,"minecraft:stone_sword":129,"minecraft:stone_shovel":132,"tacz:gun_smith_table":2,"minecraft:spruce_planks":102,"minecraft:cooked_salmon":9,"minecraft:cooked_chicken":6,"minecraft:torch":4,"spore:vent_door":1,"minecraft:brewing_stand":1,"minecraft:dirt":202,"minecraft:spyglass":66,"minecraft:white_carpet":11,"minecraft:spruce_stairs":4,"minecraft:iron_axe":19,"spore:sausage":1,"minecraft:iron_boots":1,"spore:heart_kebab":1,"tombstone:gift":8,"minecraft:cooked_beef":16,"minecraft:iron_leggings":1,"minecraft:snow_block":1,"apocalypsenow:papertrash":1,"minecraft:polished_andesite":1,"minecraft:baked_potato":10,"minecraft:stonecutter":1,"minecraft:deepslate_bricks":2,"minecraft:crafting_table":8,"minecraft:red_bed":5,"minecraft:spider_eye":2,"minecraft:light_gray_concrete_powder":3,"minecraft:spruce_log":1,"minecraft:iron_pickaxe":325,"spore:iron_ladder":2,"travelersbackpack:white_sleeping_bag":2,"minecraft:spruce_sapling":1,"minecraft:stone_axe":131,"minecraft:fishing_rod":36,"minecraft:cobblestone":71,"minecraft:purple_bed":1,"minecraft:smooth_stone":2}},"DataVersion":3120}