{"stats":{"minecraft:killed":{"spore:inf_hazmat":6,"spore:inf_player":2,"minecraft:spider":3,"minecraft:creeper":1,"spore:inf_pillager":1,"minecraft:zombie":1},"minecraft:mined":{"minecraft:white_bed":1,"minecraft:powder_snow":14,"minecraft:brewing_stand":1,"minecraft:crafting_table":1,"minecraft:lever":1,"minecraft:grass_block":17,"minecraft:white_stained_glass":2,"minecraft:copper_ore":4,"minecraft:spruce_leaves":3,"minecraft:grindstone":1,"minecraft:furnace":2,"minecraft:snow":2,"minecraft:blue_ice":1,"minecraft:white_carpet":11,"minecraft:spruce_log":7,"minecraft:grass":3,"minecraft:coal_ore":13,"minecraft:dirt":21,"minecraft:packed_ice":1,"minecraft:stone":12,"spore:lab_block":1},"minecraft:picked_up":{"minecraft:crafting_table":1,"minecraft:splash_potion":1,"minecraft:brewing_stand":1,"minecraft:string":3,"minecraft:dirt":44,"minecraft:raw_copper":14,"minecraft:white_carpet":11,"minecraft:bone":3,"minecraft:grindstone":1,"minecraft:sugar_cane":4,"minecraft:furnace":2,"minecraft:stick":6,"minecraft:spruce_sapling":7,"minecraft:white_bed":1,"minecraft:spruce_log":7,"minecraft:spider_eye":1,"minecraft:lever":1,"minecraft:coal":27,"minecraft:snowball":3,"minecraft:cobblestone":14},"minecraft:crafted":{"minecraft:stone_shovel":1,"minecraft:crafting_table":1,"minecraft:spruce_planks":28,"minecraft:wooden_pickaxe":1,"minecraft:stone_axe":1,"minecraft:air":0,"minecraft:stick":8,"apocalypsenow:cooked_human_flesh":3,"minecraft:stone_pickaxe":1,"minecraft:stone_sword":1,"minecraft:torch":12},"minecraft:dropped":{"minecraft:stick":1,"minecraft:string":1,"minecraft:spruce_sapling":1},"minecraft:custom":{"minecraft:interact_with_furnace":3,"minecraft:mob_kills":14,"minecraft:interact_with_crafting_table":2,"minecraft:open_barrel":7,"minecraft:leave_game":3,"minecraft:time_since_death":6611,"minecraft:climb_one_cm":3621,"minecraft:time_since_rest":5560,"minecraft:walk_one_cm":112895,"minecraft:sprint_one_cm":116325,"minecraft:damage_taken":1600,"minecraft:damage_absorbed":40,"minecraft:drop":3,"minecraft:damage_dealt":3545,"minecraft:swim_one_cm":3073,"minecraft:fly_one_cm":125237,"minecraft:open_chest":4,"minecraft:crouch_one_cm":9885,"minecraft:play_time":61021,"tombstone:undead_killed":1,"minecraft:deaths":5,"minecraft:sneak_time":5359,"minecraft:walk_under_water_one_cm":810,"minecraft:jump":722,"minecraft:walk_on_water_one_cm":9751,"minecraft:total_world_time":61021,"minecraft:fall_one_cm":12877},"minecraft:killed_by":{"spore:inf_hazmat":3,"spore:volatile":1,"spore:spitter":1},"minecraft:used":{"apocalypsenow:cooked_human_flesh":2,"minecraft:stone_sword":86,"minecraft:stone_shovel":32,"minecraft:stone_pickaxe":19,"minecraft:wooden_pickaxe":15,"minecraft:torch":2,"minecraft:golden_apple":1,"minecraft:dirt":44,"minecraft:sand":1,"minecraft:white_carpet":11,"minecraft:crafting_table":1,"minecraft:spider_eye":1,"minecraft:blue_ice":20,"minecraft:snowball":9,"minecraft:lever":1,"minecraft:packed_ice":17,"minecraft:stone_axe":1,"minecraft:furnace":1,"tombstone:gift":2}},"DataVersion":3120}