{"stats":{"minecraft:killed_by":{"spore:busser":8,"spore:volatile":2,"minecraft:spider":1,"spore:inf_pillager":2,"spore:inf_villager":1,"minecraft:skeleton":6,"minecraft:zombie":1},"minecraft:custom":{"minecraft:mob_kills":119,"minecraft:interact_with_crafting_table":30,"minecraft:open_barrel":30,"minecraft:damage_dealt_resisted":2,"minecraft:leave_game":3,"minecraft:time_since_death":22121,"minecraft:sprint_one_cm":542831,"minecraft:walk_one_cm":440605,"minecraft:damage_blocked_by_shield":1730,"minecraft:drop":66,"minecraft:talked_to_villager":1,"minecraft:play_time":215199,"minecraft:sneak_time":11744,"minecraft:deaths":23,"minecraft:walk_under_water_one_cm":19024,"minecraft:boat_one_cm":37576,"minecraft:jump":4050,"minecraft:walk_on_water_one_cm":12440,"minecraft:total_world_time":215199,"minecraft:interact_with_furnace":37,"minecraft:sleep_in_bed":12,"minecraft:time_since_rest":2904,"minecraft:damage_taken":4768,"minecraft:damage_dealt":14800,"minecraft:swim_one_cm":17322,"minecraft:fly_one_cm":718822,"minecraft:player_kills":1,"minecraft:open_chest":48,"minecraft:crouch_one_cm":25541,"minecraft:fall_one_cm":96145,"minecraft:horse_one_cm":2697},"minecraft:dropped":{"apocalypsenow:human_flesh":4,"minecraft:bread":34,"minecraft:iron_ingot":16,"minecraft:iron_sword":1,"minecraft:porkchop":14,"minecraft:wheat_seeds":11,"minecraft:crafting_table":1,"minecraft:feather":2,"minecraft:cobblestone":1,"apocalypsenow:black_football_armor_boots":1,"minecraft:leather":12,"minecraft:golden_apple":2,"minecraft:dirt":8,"minecraft:mutton":14,"tacz:modern_kinetic_gun":3,"minecraft:pumpkin":14,"apocalypsenow:taiga_1_survival_machete":1,"apocalypsenow:chinese_army_helmet":2,"minecraft:rotten_flesh":3,"minecraft:oak_planks":48,"minecraft:white_bed":1,"minecraft:poppy":3,"minecraft:shield":1,"minecraft:oak_sapling":1,"minecraft:spider_eye":4,"tacz:ammo":134,"apocalypsenow:fire_axe":1,"minecraft:beef":13,"firstaid:plaster":1,"minecraft:black_wool":1},"minecraft:picked_up":{"minecraft:iron_chestplate":9,"minecraft:crafting_table":7,"spore:mutated_heart":12,"minecraft:azure_bluet":3,"minecraft:chicken":5,"minecraft:wooden_pickaxe":2,"minecraft:shield":8,"minecraft:string":3,"minecraft:raw_copper":112,"minecraft:iron_leggings":9,"tacz:ammo":160,"minecraft:beef":34,"minecraft:red_dye":39,"apocalypsenow:fire_axe":1,"minecraft:poppy":3,"minecraft:chest":13,"minecraft:furnace":1,"minecraft:iron_boots":6,"minecraft:egg":1,"spore:tumor":3,"minecraft:stick":14,"minecraft:raw_iron":106,"minecraft:copper_ingot":18,"minecraft:torch":28,"minecraft:porkchop":44,"minecraft:diorite":11,"minecraft:carrot":7,"minecraft:stone_sword":1,"minecraft:arrow":84,"minecraft:stone_shovel":1,"minecraft:rotten_flesh":81,"minecraft:hay_block":13,"minecraft:blue_dye":5,"minecraft:iron_block":1,"spore:tendons":12,"minecraft:mutton":51,"minecraft:white_wool":31,"minecraft:cobblestone":256,"minecraft:oxeye_daisy":14,"spore:altered_spleen":2,"minecraft:feather":9,"minecraft:cooked_beef":12,"minecraft:andesite":32,"minecraft:leather":26,"minecraft:potato":8,"apocalypsenow:taiga_1_survival_machete":6,"minecraft:flint":6,"minecraft:oak_log":100,"minecraft:yellow_bed":9,"minecraft:gunpowder":4,"minecraft:dirt":157,"minecraft:cooked_mutton":8,"apocalypsenow:chinese_army_helmet":4,"apocalypsenow:cooked_human_flesh":21,"minecraft:bone":11,"minecraft:bow":10,"minecraft:wheat_seeds":93,"apocalypsenow:human_flesh":34,"minecraft:iron_ingot":27,"minecraft:stone_pickaxe":5,"minecraft:cooked_chicken":49,"spore:mutated_fiber":60,"minecraft:fletching_table":5,"minecraft:glowstone_dust":2,"tacz:gun_smith_table":3,"minecraft:iron_sword":14,"minecraft:oak_planks":88,"firstaid:plaster":1,"spore:cerebrum":10,"minecraft:milk_bucket":8,"minecraft:cooked_porkchop":31,"minecraft:pumpkin":48,"spore:armor_fragment":66,"apocalypsenow:black_football_armor_boots":2,"minecraft:gravel":26,"minecraft:amethyst_shard":6,"minecraft:white_bed":2,"apocalypsenow:canned_strawberry":2,"minecraft:spider_eye":2,"minecraft:barrel":2,"apocalypsenow:plastic":7,"spore:claw_fragment":6,"minecraft:stone_axe":8,"tacz:modern_kinetic_gun":8,"minecraft:iron_helmet":9,"minecraft:bone_meal":18,"minecraft:golden_apple":8,"minecraft:gray_wool":4,"minecraft:bread":173,"apocalypsenow:dead_cockroach":1,"spore:spine_fragment":11,"minecraft:oak_sapling":13,"minecraft:black_wool":2,"minecraft:coal":47},"minecraft:used":{"minecraft:stone_sword":13,"minecraft:stone_shovel":15,"tacz:gun_smith_table":2,"minecraft:chest":9,"minecraft:shield":54,"minecraft:iron_sword":241,"minecraft:cooked_chicken":1,"minecraft:oak_door":2,"minecraft:iron_chestplate":5,"minecraft:torch":29,"minecraft:dirt":83,"minecraft:carrot":4,"apocalypsenow:black_football_armor_boots":2,"minecraft:azure_bluet":2,"minecraft:iron_helmet":3,"minecraft:iron_boots":1,"minecraft:barrel":4,"minecraft:oak_sapling":12,"minecraft:furnace":3,"apocalypsenow:taiga_1_survival_machete":18,"minecraft:egg":1,"minecraft:iron_leggings":2,"minecraft:cooked_mutton":1,"minecraft:diorite":3,"minecraft:stone_pickaxe":162,"minecraft:oak_planks":230,"minecraft:wooden_pickaxe":35,"minecraft:golden_apple":1,"minecraft:white_wool":5,"minecraft:crafting_table":6,"minecraft:white_bed":1,"minecraft:bread":15,"minecraft:gravel":2,"minecraft:stone_axe":89,"minecraft:cobblestone":22,"minecraft:cooked_porkchop":4,"minecraft:yellow_bed":9},"minecraft:crafted":{"minecraft:oak_door":3,"minecraft:oak_planks":364,"minecraft:stone_shovel":1,"minecraft:cooked_chicken":2,"minecraft:furnace":2,"minecraft:cooked_mutton":1,"minecraft:stone_pickaxe":2,"minecraft:chest":2,"minecraft:wheat":117,"minecraft:cooked_porkchop":5,"minecraft:crafting_table":2,"minecraft:wooden_pickaxe":2,"tacz:gun_smith_table":1,"minecraft:stone_axe":2,"minecraft:bread":39,"minecraft:air":0,"minecraft:stick":32,"minecraft:iron_ingot":29,"minecraft:iron_block":1,"minecraft:stone_sword":1,"minecraft:torch":32},"minecraft:killed":{"apocalypsenow:crawler_3":1,"apocalypsenow:looter_1":1,"spore:leaper":1,"apocalypsenow:walker_29":1,"apocalypsenow:runner_39":1,"minecraft:skeleton":5,"apocalypsenow:walker_25":1,"minecraft:chicken":5,"apocalypsenow:runner_41":1,"apocalypsenow:runner_42":2,"apocalypsenow:walker_10":1,"apocalypsenow:walker_33":1,"minecraft:pig":11,"spore:inf_player":3,"minecraft:zombie_villager":1,"apocalypsenow:runner_40":2,"minecraft:iron_golem":1,"apocalypsenow:runner_52":1,"apocalypsenow:walker_11":1,"apocalypsenow:walker_23":1,"apocalypsenow:walker_7":1,"apocalypsenow:runner_54":1,"minecraft:creeper":1,"apocalypsenow:walker_5":1,"spore:inf_pillager":6,"minecraft:sheep":21,"spore:inf_villager":3,"minecraft:zombie":9,"spore:inf_human":7,"apocalypsenow:cockroach":1,"apocalypsenow:walker_17":2,"spore:inf_witch":1,"spore:inf_husk":3,"apocalypsenow:walker_28":1,"apocalypsenow:runner_51":1,"apocalypsenow:runner_55":1,"minecraft:cow":13},"minecraft:mined":{"spore:fungal_roots":2,"spore:wall_growths_big":7,"minecraft:white_bed":1,"minecraft:oak_sapling":1,"spore:wall_growths":2,"minecraft:grass_block":35,"spore:fungal_stem":5,"spore:rotten_bush":4,"tacz:gun_smith_table":1,"spore:growths_small":2,"minecraft:hay_block":13,"spore:mycelium_veins":8,"minecraft:carrots":4,"minecraft:iron_ore":40,"spore:blomfung":1,"minecraft:barrel":2,"minecraft:andesite":16,"minecraft:pumpkin":17,"spore:growth_mycelium":3,"minecraft:azure_bluet":2,"minecraft:potatoes":2,"minecraft:dirt_path":5,"minecraft:stone":90,"spore:growths_big":7,"minecraft:crafting_table":5,"minecraft:poppy":1,"minecraft:chest":5,"minecraft:tall_grass":225,"minecraft:cobblestone":6,"minecraft:oak_planks":24,"minecraft:diorite":7,"minecraft:seagrass":1,"spore:bloomfung2":27,"minecraft:wheat":6,"minecraft:yellow_bed":8,"spore:fungal_stem_top":1,"minecraft:grass":152,"minecraft:coal_ore":38,"minecraft:oak_log":93,"minecraft:gravel":17,"minecraft:dirt":39,"spore:hanging_fungal_stem":4,"minecraft:oak_leaves":11,"spore:remains":2}},"DataVersion":3120}