{"stats":{"minecraft:killed_by":{"spore:volatile":1,"spore:spitter":1},"minecraft:mined":{"minecraft:white_bed":1,"minecraft:furnace":2,"minecraft:snow":2,"minecraft:lever":1,"minecraft:white_carpet":11,"minecraft:spruce_log":7,"minecraft:powder_snow":14,"minecraft:brewing_stand":1,"minecraft:crafting_table":1,"minecraft:grass":3,"minecraft:grass_block":9,"minecraft:coal_ore":13,"minecraft:dirt":9,"minecraft:copper_ore":4,"minecraft:spruce_leaves":3,"minecraft:stone":12,"minecraft:grindstone":1},"minecraft:killed":{"spore:inf_pillager":1,"spore:inf_hazmat":1,"minecraft:spider":3,"minecraft:creeper":1},"minecraft:picked_up":{"minecraft:stick":5,"minecraft:crafting_table":1,"minecraft:splash_potion":1,"minecraft:white_bed":1,"minecraft:spruce_sapling":7,"minecraft:brewing_stand":1,"minecraft:spruce_log":7,"minecraft:spider_eye":1,"minecraft:string":2,"minecraft:dirt":25,"minecraft:raw_copper":14,"minecraft:white_carpet":11,"minecraft:bone":1,"minecraft:lever":1,"minecraft:grindstone":1,"minecraft:coal":27,"minecraft:snowball":3,"minecraft:cobblestone":14,"minecraft:furnace":2},"minecraft:used":{"minecraft:lever":1,"apocalypsenow:cooked_human_flesh":2,"minecraft:stone_sword":43,"minecraft:stone_shovel":14,"minecraft:stone_pickaxe":18,"minecraft:wooden_pickaxe":15,"minecraft:stone_axe":1,"minecraft:torch":2,"minecraft:golden_apple":1,"minecraft:dirt":23,"minecraft:white_carpet":11,"minecraft:crafting_table":1,"minecraft:furnace":1,"tombstone:gift":2,"minecraft:spider_eye":1},"minecraft:custom":{"minecraft:time_since_rest":10333,"minecraft:interact_with_furnace":3,"minecraft:sprint_one_cm":80857,"minecraft:damage_taken":830,"minecraft:walk_one_cm":82334,"minecraft:mob_kills":6,"minecraft:drop":2,"minecraft:damage_dealt":1833,"minecraft:open_barrel":7,"minecraft:interact_with_crafting_table":2,"minecraft:swim_one_cm":3073,"minecraft:fly_one_cm":73814,"minecraft:open_chest":3,"minecraft:crouch_one_cm":3322,"minecraft:play_time":44319,"minecraft:deaths":2,"minecraft:sneak_time":1416,"minecraft:walk_under_water_one_cm":810,"minecraft:jump":492,"minecraft:time_since_death":10805,"minecraft:leave_game":2,"minecraft:walk_on_water_one_cm":5343,"minecraft:climb_one_cm":3621,"minecraft:total_world_time":44319,"minecraft:fall_one_cm":9393},"minecraft:crafted":{"minecraft:stone_shovel":1,"minecraft:crafting_table":1,"apocalypsenow:cooked_human_flesh":3,"minecraft:spruce_planks":28,"minecraft:stick":8,"minecraft:wooden_pickaxe":1,"minecraft:stone_pickaxe":1,"minecraft:stone_sword":1,"minecraft:torch":12,"minecraft:stone_axe":1,"minecraft:air":0},"minecraft:dropped":{"minecraft:string":1,"minecraft:spruce_sapling":1}},"DataVersion":3120}