{"stats":{"minecraft:killed":{"spore:inf_hazmat":6,"spore:inf_player":2,"minecraft:spider":8,"minecraft:creeper":1,"spore:inf_pillager":1,"spore:inf_human":1,"minecraft:zombie":1},"minecraft:mined":{"minecraft:spruce_planks":2,"minecraft:white_bed":1,"minecraft:red_bed":1,"minecraft:spruce_door":2,"minecraft:powder_snow":17,"minecraft:brewing_stand":1,"minecraft:crafting_table":1,"minecraft:lever":1,"minecraft:grass_block":18,"minecraft:white_stained_glass":2,"minecraft:copper_ore":4,"minecraft:spruce_leaves":5,"minecraft:grindstone":1,"minecraft:furnace":2,"minecraft:iron_ore":1,"minecraft:snow":2,"minecraft:blue_ice":1,"spore:cdu":1,"minecraft:white_carpet":11,"minecraft:spruce_log":21,"minecraft:grass":3,"minecraft:coal_ore":16,"minecraft:dirt":22,"minecraft:packed_ice":1,"minecraft:stone":12,"minecraft:spruce_slab":2,"spore:lab_block":1},"minecraft:picked_up":{"spore:cdu":1,"minecraft:crafting_table":1,"minecraft:splash_potion":1,"minecraft:brewing_stand":1,"minecraft:string":6,"minecraft:dirt":47,"minecraft:red_bed":1,"minecraft:raw_copper":14,"apocalypsenow:cooked_human_flesh":2,"minecraft:white_carpet":11,"minecraft:bone":3,"minecraft:spruce_planks":2,"minecraft:grindstone":1,"minecraft:spruce_slab":1,"minecraft:sugar_cane":4,"minecraft:furnace":2,"minecraft:stick":6,"minecraft:raw_iron":1,"minecraft:spruce_sapling":8,"minecraft:white_bed":1,"minecraft:spruce_log":21,"minecraft:spruce_door":2,"minecraft:spider_eye":2,"minecraft:lever":1,"minecraft:coal":30,"minecraft:snowball":3,"minecraft:cobblestone":14},"minecraft:crafted":{"minecraft:stone_shovel":1,"minecraft:crafting_table":1,"minecraft:spruce_planks":84,"minecraft:wooden_pickaxe":1,"minecraft:stone_axe":1,"minecraft:air":0,"minecraft:spruce_slab":6,"minecraft:stick":8,"apocalypsenow:cooked_human_flesh":7,"minecraft:stone_pickaxe":1,"minecraft:stone_sword":1,"minecraft:chest":2,"minecraft:torch":12},"minecraft:dropped":{"minecraft:stick":1,"apocalypsenow:cooked_human_flesh":4,"minecraft:string":1,"minecraft:spruce_sapling":1},"minecraft:custom":{"minecraft:interact_with_furnace":7,"minecraft:mob_kills":20,"minecraft:interact_with_crafting_table":4,"minecraft:open_barrel":7,"minecraft:leave_game":3,"minecraft:time_since_death":18611,"minecraft:climb_one_cm":3621,"minecraft:time_since_rest":17560,"minecraft:walk_one_cm":159049,"minecraft:sprint_one_cm":158538,"minecraft:damage_taken":1797,"minecraft:damage_absorbed":40,"minecraft:drop":7,"minecraft:damage_dealt":4538,"minecraft:swim_one_cm":3422,"minecraft:fly_one_cm":199261,"minecraft:open_chest":12,"minecraft:crouch_one_cm":10369,"minecraft:play_time":73021,"tombstone:undead_killed":1,"minecraft:deaths":5,"minecraft:sneak_time":5486,"minecraft:walk_under_water_one_cm":871,"minecraft:jump":1007,"minecraft:walk_on_water_one_cm":11032,"minecraft:total_world_time":73021,"minecraft:fall_one_cm":17392},"minecraft:killed_by":{"spore:inf_hazmat":3,"spore:volatile":1,"spore:spitter":1},"minecraft:used":{"apocalypsenow:cooked_human_flesh":4,"minecraft:stone_sword":112,"minecraft:spruce_slab":2,"minecraft:stone_shovel":32,"minecraft:stone_pickaxe":24,"minecraft:spruce_planks":2,"minecraft:chest":2,"minecraft:wooden_pickaxe":15,"minecraft:torch":2,"minecraft:golden_apple":1,"minecraft:dirt":46,"minecraft:sand":1,"minecraft:white_carpet":11,"minecraft:crafting_table":2,"minecraft:spider_eye":1,"minecraft:blue_ice":20,"minecraft:snowball":9,"minecraft:lever":1,"minecraft:packed_ice":17,"minecraft:bread":3,"minecraft:iron_helmet":1,"minecraft:stone_axe":23,"minecraft:furnace":2,"tombstone:gift":2}},"DataVersion":3120}