{"stats":{"minecraft:broken":{"minecraft:stone_pickaxe":1,"minecraft:stone_axe":1,"minecraft:stone_shovel":1,"minecraft:stone_sword":1,"apocalypsenow:fire_axe":1,"minecraft:iron_pickaxe":1,"minecraft:iron_helmet":1},"minecraft:dropped":{"apocalypsenow:prison_door":1,"minecraft:iron_sword":1,"minecraft:cooked_beef":2,"spore:lab_block3":3,"apocalypsenow:soviet_ushanka_helmet":1,"minecraft:birch_slab":1,"minecraft:light_weighted_pressure_plate":1,"minecraft:dirt":11,"minecraft:snowball":15,"minecraft:bone":2,"minecraft:sugar_cane":6,"minecraft:spyglass":3,"minecraft:lever":3,"minecraft:cooked_chicken":2,"spore:vent_plate":7,"minecraft:cobbled_deepslate":1,"minecraft:rotten_flesh":34,"minecraft:light_gray_carpet":3,"apocalypsenow:mexican_army_helmet":1,"minecraft:chiseled_stone_bricks":1,"apocalypsenow:snowghillie_helmet":1,"apocalypsenow:cooked_human_flesh":4,"apocalypsenow:fire_axe":4,"minecraft:arrow":13,"apocalypsenow:life_jacket_bullet_helmet_helmet":1,"spore:armor_fragment":2,"apocalypsenow:makeshift_knife":1,"apocalypsenow:rusty_chestplate":1,"minecraft:wheat_seeds":4,"minecraft:iron_helmet":1,"minecraft:stick":1,"apocalypsenow:chinese_army_boots":1,"minecraft:torch":1,"tombstone:grave_key":2,"spore:tumor":2,"tombstone:grave_dust":5,"tacz:modern_kinetic_gun":3,"minecraft:polished_andesite_stairs":1,"spore:mutated_heart":1,"minecraft:string":1,"minecraft:spruce_sapling":1,"spore:iron_ladder":3,"minecraft:sweet_berries":79,"minecraft:white_carpet":9,"spore:mutated_fiber":13,"spore:rusted_reinforced_door":3,"minecraft:flint_and_steel":1,"apocalypsenow:military_riot_armor_chestplate":1,"minecraft:bundle":2,"minecraft:spruce_planks":1,"minecraft:redstone_torch":1,"tacz:ammo":30},"minecraft:picked_up":{"spore:mutated_heart":1,"minecraft:wheat":1,"minecraft:smithing_table":3,"minecraft:lead":2,"tombstone:grave_key":1,"minecraft:brewing_stand":1,"minecraft:string":34,"minecraft:raw_copper":60,"spore:rusted_reinforced_door":5,"minecraft:cobbled_deepslate":17,"apocalypsenow:snowghillie_helmet":1,"minecraft:smooth_stone":3,"minecraft:spruce_planks":7,"minecraft:light_weighted_pressure_plate":1,"minecraft:redstone_torch":2,"minecraft:coal_block":51,"apocalypsenow:chinese_army_boots":1,"minecraft:iron_boots":1,"minecraft:furnace":6,"minecraft:stick":6,"minecraft:torch":6,"apocalypsenow:soviet_ushanka_helmet":1,"minecraft:snow_block":209,"tombstone:grave_dust":5,"minecraft:rotten_flesh":41,"spore:iron_ladder":6,"minecraft:iron_block":11,"apocalypsenow:rusty_chestplate":1,"minecraft:snowball":27,"minecraft:cobblestone":127,"minecraft:cooked_beef":16,"minecraft:birch_slab":3,"minecraft:andesite":2,"minecraft:potato":3,"minecraft:stripped_spruce_wood":42,"minecraft:dirt":274,"minecraft:lantern":2,"minecraft:light_gray_concrete_powder":3,"minecraft:bone":10,"apocalypsenow:medical_storage":1,"apocalypsenow:prison_door":1,"minecraft:wheat_seeds":8,"minecraft:stonecutter":2,"apocalypsenow:human_flesh":28,"minecraft:grindstone":1,"apocalypsenow:broken_tv":2,"minecraft:rabbit":1,"tacz:gun_smith_table":1,"minecraft:oak_planks":1,"spore:vent_door":3,"spore:cerebrum":2,"apocalypsenow:trash_bin":1,"spore:armor_fragment":8,"minecraft:sand":63,"minecraft:stripped_spruce_log":3,"travelersbackpack:white_sleeping_bag":2,"minecraft:bundle":3,"spore:claw_fragment":8,"minecraft:polished_andesite":3,"minecraft:diamond":10,"minecraft:lever":5,"minecraft:blue_ice":538,"minecraft:bone_meal":2,"minecraft:golden_apple":1,"apocalypsenow:dead_cockroach":1,"minecraft:light_gray_carpet":3,"minecraft:charcoal":48,"minecraft:crafting_table":6,"minecraft:splash_potion":1,"minecraft:chicken":2,"minecraft:packed_ice":460,"spore:lab_block3":8,"minecraft:gold_block":2,"minecraft:shield":1,"minecraft:red_bed":5,"tacz:ammo":120,"minecraft:white_carpet":20,"spore:ice_canister":109,"minecraft:beef":9,"apocalypsenow:fire_axe":7,"minecraft:spruce_slab":1,"minecraft:sugar_cane":6,"minecraft:chest":31,"apocalypsenow:mexican_army_helmet":1,"minecraft:egg":1,"spore:tumor":2,"minecraft:raw_iron":1,"minecraft:copper_ingot":15,"minecraft:fire_charge":2,"minecraft:carrot":3,"minecraft:arrow":5,"minecraft:deepslate_bricks":2,"minecraft:polished_blackstone":2,"minecraft:mutton":5,"minecraft:white_wool":9,"spore:cdu":5,"minecraft:salmon":9,"minecraft:leather":4,"minecraft:ochre_froglight":1,"minecraft:ice":248,"minecraft:oak_log":13,"minecraft:gunpowder":6,"minecraft:blue_bed":4,"apocalypsenow:cooked_human_flesh":2,"apocalypsenow:life_jacket_bullet_helmet_helmet":1,"minecraft:stone_bricks":5,"automobility:auto_mechanic_table":1,"minecraft:rabbit_hide":1,"minecraft:iron_ingot":1,"minecraft:cooked_chicken":8,"tombstone:bag_of_seeds":1,"spore:mutated_fiber":42,"apocalypsenow:military_riot_armor_chestplate":1,"minecraft:polished_andesite_slab":1,"minecraft:iron_sword":2,"apocalypsenow:makeshift_knife":1,"minecraft:polished_andesite_stairs":1,"minecraft:milk_bucket":1,"minecraft:pumpkin":1,"minecraft:sweet_berries":125,"minecraft:chiseled_stone_bricks":1,"minecraft:spyglass":3,"minecraft:gravel":4,"minecraft:amethyst_shard":18,"minecraft:spruce_sapling":9,"minecraft:blast_furnace":2,"minecraft:white_bed":1,"minecraft:spruce_log":34,"minecraft:spruce_door":2,"minecraft:spider_eye":3,"apocalypsenow:papertrash":1,"spore:vent_plate":27,"minecraft:purple_bed":1,"tacz:modern_kinetic_gun":4,"minecraft:iron_helmet":2,"minecraft:polished_blackstone_brick_wall":2,"tombstone:magic_scroll":2,"minecraft:coal":152},"minecraft:killed_by":{"spore:volatile":1,"spore:inf_human":1,"spore:inquisitor":2,"spore:spitter":1,"spore:inf_player":1,"spore:braiomil":1,"spore:wendigo":1,"spore:inf_hazmat":3,"spore:thorn":1,"apocalypsenow:runner_54":1,"spore:usurper":1,"apocalypsenow:looter_1":1},"minecraft:custom":{"minecraft:interact_with_crafting_table":35,"minecraft:open_barrel":14,"minecraft:leave_game":16,"minecraft:time_since_death":17899,"minecraft:sprint_one_cm":1079538,"minecraft:damage_blocked_by_shield":610,"minecraft:drop":105,"minecraft:talked_to_villager":10,"minecraft:play_time":472069,"minecraft:deaths":17,"minecraft:jump":7847,"minecraft:walk_on_water_one_cm":208912,"minecraft:interact_with_furnace":45,"minecraft:sleep_in_bed":11,"minecraft:open_enderchest":4,"minecraft:damage_dealt":20326,"minecraft:crouch_one_cm":68212,"tombstone:undead_killed":41,"minecraft:interact_with_smoker":5,"minecraft:interact_with_smithing_table":1,"minecraft:mob_kills":145,"minecraft:damage_dealt_resisted":228,"minecraft:climb_one_cm":79238,"minecraft:walk_one_cm":1204166,"minecraft:sneak_time":25330,"minecraft:walk_under_water_one_cm":212418,"minecraft:boat_one_cm":45534,"minecraft:interact_with_blast_furnace":6,"minecraft:total_world_time":472069,"minecraft:interact_with_stonecutter":2,"minecraft:time_since_rest":925,"minecraft:damage_taken":9256,"minecraft:damage_absorbed":40,"minecraft:swim_one_cm":488189,"minecraft:fly_one_cm":1629650,"minecraft:open_chest":310,"minecraft:fall_one_cm":138859},"minecraft:killed":{"spore:inf_hazmat":9,"apocalypsenow:soldiers_02":1,"apocalypsenow:crawler_4":1,"minecraft:spider":14,"minecraft:skeleton":4,"minecraft:chicken":1,"apocalypsenow:runner_42":1,"apocalypsenow:runner_41":1,"apocalypsenow:runner_46":1,"apocalypsenow:runner_45":1,"spore:inf_player":2,"spore:inf_wanderer":2,"minecraft:salmon":9,"spore:scamper":2,"spore:inf_drowned":3,"apocalypsenow:runner_54":1,"minecraft:creeper":9,"minecraft:sheep":6,"spore:inf_villager":8,"minecraft:trader_llama":4,"minecraft:zombie":11,"spore:inf_human":5,"apocalypsenow:runner_44":1,"minecraft:stray":1,"spore:knight":2,"apocalypsenow:walker_6":1,"minecraft:cow":3,"apocalypsenow:looter_1":17,"apocalypsenow:runner_37":1,"apocalypsenow:runner_39":1,"apocalypsenow:runner_35":1,"apocalypsenow:walker_14":1,"apocalypsenow:walker_10":1,"apocalypsenow:walker_18":1,"apocalypsenow:walker_33":1,"apocalypsenow:runner_53":2,"minecraft:drowned":3,"apocalypsenow:runner_38":1,"apocalypsenow:walker_30":1,"apocalypsenow:runner_40":1,"apocalypsenow:walker_9":1,"minecraft:rabbit":1,"apocalypsenow:walker_32":1,"spore:inf_pillager":3,"apocalypsenow:runner_48":1,"spore:busser":1,"spore:inf_husk":2},"minecraft:mined":{"minecraft:spruce_planks":8,"minecraft:white_bed":1,"minecraft:sculk_vein":2,"minecraft:brewing_stand":1,"minecraft:grass_block":115,"minecraft:coal_block":33,"tacz:gun_smith_table":1,"automobility:auto_mechanic_table":1,"minecraft:smooth_stone":4,"apocalypsenow:trash_bin":1,"minecraft:iron_ore":1,"minecraft:pumpkin":1,"minecraft:sculk_shrieker":3,"apocalypsenow:broken_tv":1,"minecraft:dirt_path":2,"minecraft:iron_block":8,"minecraft:spruce_slab":2,"minecraft:tripwire":2,"minecraft:red_bed":5,"spore:vent_door":3,"minecraft:amethyst_cluster":6,"minecraft:powder_snow":72,"spore:growths_big":1,"minecraft:blast_furnace":1,"minecraft:chest":31,"minecraft:cobblestone":6,"minecraft:grindstone":1,"minecraft:oak_planks":1,"apocalypsenow:medical_storage":1,"minecraft:wall_torch":2,"apocalypsenow:prison_door":1,"minecraft:blue_ice":148,"minecraft:grass":27,"minecraft:oak_log":13,"minecraft:sand":62,"minecraft:dirt":137,"minecraft:stonecutter":2,"spore:iron_ladder":6,"minecraft:oak_leaves":6,"minecraft:deepslate":16,"minecraft:tuff":7,"minecraft:deepslate_diamond_ore":5,"minecraft:lever":1,"spore:lab_block3":7,"minecraft:white_stained_glass":3,"travelersbackpack:white_sleeping_bag":2,"minecraft:polished_andesite_slab":2,"minecraft:birch_slab":3,"minecraft:spruce_leaves":18,"spore:growths_small":1,"minecraft:large_fern":3,"minecraft:furnace":6,"minecraft:carrots":1,"minecraft:snow":8,"spore:cdu":5,"minecraft:andesite":3,"minecraft:stripped_spruce_log":3,"minecraft:gold_block":2,"minecraft:lantern":2,"minecraft:packed_ice":39,"minecraft:stone":115,"spore:lab_block":1,"apocalypsenow:electric_door":1,"minecraft:smithing_table":3,"spore:vent_plate":4,"minecraft:light_gray_carpet":3,"minecraft:snow_block":2,"minecraft:polished_blackstone_brick_wall":2,"minecraft:spruce_door":2,"minecraft:crafting_table":6,"minecraft:sculk_sensor":4,"minecraft:tall_grass":32,"minecraft:copper_ore":16,"minecraft:sculk":1,"minecraft:blue_bed":4,"minecraft:purple_bed":1,"minecraft:stripped_spruce_wood":40,"minecraft:sweet_berry_bush":31,"minecraft:ice":4,"minecraft:white_carpet":20,"minecraft:spruce_log":35,"minecraft:coal_ore":60,"minecraft:ochre_froglight":1,"apocalypsenow:papersvariant_2":1,"minecraft:gravel":3,"minecraft:cobweb":17,"minecraft:polished_blackstone":2,"minecraft:stone_bricks":5},"minecraft:crafted":{"minecraft:oak_planks":52,"automobility:auto_mechanic_table":1,"minecraft:chest":2,"minecraft:cooked_rabbit":1,"automobility:crowbar":1,"minecraft:crafting_table":4,"minecraft:spruce_planks":252,"minecraft:wooden_pickaxe":1,"minecraft:baked_potato":10,"minecraft:spruce_door":6,"minecraft:copper_ingot":46,"minecraft:stick":24,"minecraft:iron_ingot":99,"minecraft:iron_pickaxe":2,"minecraft:snow_block":1,"minecraft:iron_block":1,"minecraft:stone_sword":1,"minecraft:coal":288,"minecraft:stone_shovel":1,"minecraft:spyglass":1,"minecraft:furnace":2,"minecraft:spruce_stairs":4,"travelersbackpack:white_sleeping_bag":1,"minecraft:iron_axe":1,"minecraft:spruce_slab":6,"minecraft:stone_pickaxe":1,"minecraft:cooked_beef":5,"minecraft:coal_block":13,"tacz:gun_smith_table":1,"minecraft:cooked_salmon":9,"minecraft:stone_axe":1,"minecraft:bread":3,"minecraft:air":0,"minecraft:oak_boat":1,"minecraft:white_wool":3,"apocalypsenow:cooked_human_flesh":16,"minecraft:iron_shovel":1,"minecraft:white_bed":1,"minecraft:torch":12},"minecraft:used":{"minecraft:iron_shovel":101,"minecraft:spruce_slab":4,"minecraft:polished_blackstone":1,"minecraft:chest":33,"minecraft:shield":18,"minecraft:iron_sword":309,"spore:lab_block3":4,"minecraft:carrot":5,"minecraft:snowball":10,"minecraft:packed_ice":111,"minecraft:lantern":2,"minecraft:polished_blackstone_brick_wall":1,"minecraft:iron_helmet":2,"minecraft:stone_bricks":1,"minecraft:bow":57,"minecraft:sweet_berries":33,"minecraft:furnace":8,"minecraft:egg":1,"minecraft:potato":3,"minecraft:stripped_spruce_wood":9,"apocalypsenow:cooked_human_flesh":14,"minecraft:spruce_door":3,"minecraft:stone_pickaxe":131,"minecraft:oak_planks":1,"minecraft:wooden_pickaxe":15,"minecraft:blue_bed":3,"minecraft:golden_apple":1,"minecraft:golden_hoe":4,"minecraft:sand":26,"minecraft:blast_furnace":2,"minecraft:blue_ice":70,"minecraft:ochre_froglight":1,"minecraft:lever":1,"automobility:auto_mechanic_table":2,"minecraft:bread":34,"minecraft:string":2,"minecraft:gravel":4,"apocalypsenow:dead_cockroach":1,"minecraft:smithing_table":3,"minecraft:cooked_rabbit":1,"minecraft:andesite":2,"minecraft:ice":41,"minecraft:oak_boat":1,"minecraft:stone_sword":129,"minecraft:stone_shovel":132,"tacz:gun_smith_table":2,"minecraft:spruce_planks":102,"minecraft:cooked_salmon":9,"minecraft:cooked_chicken":6,"minecraft:torch":4,"spore:vent_door":1,"minecraft:brewing_stand":1,"minecraft:dirt":260,"minecraft:spyglass":72,"minecraft:white_carpet":11,"minecraft:spruce_stairs":4,"minecraft:iron_axe":21,"spore:sausage":1,"minecraft:iron_boots":1,"apocalypsenow:fire_axe":32,"spore:heart_kebab":1,"tombstone:gift":8,"minecraft:cooked_beef":18,"minecraft:cobbled_deepslate":15,"minecraft:pumpkin":1,"minecraft:iron_leggings":1,"minecraft:snow_block":1,"apocalypsenow:papertrash":1,"minecraft:polished_andesite":1,"minecraft:baked_potato":10,"minecraft:stonecutter":1,"minecraft:deepslate_bricks":2,"minecraft:crafting_table":9,"minecraft:red_bed":5,"minecraft:spider_eye":2,"minecraft:white_bed":1,"minecraft:light_gray_concrete_powder":3,"minecraft:spruce_log":1,"tombstone:bag_of_seeds":1,"minecraft:iron_pickaxe":356,"spore:iron_ladder":2,"travelersbackpack:white_sleeping_bag":2,"minecraft:spruce_sapling":1,"minecraft:stone_axe":131,"minecraft:fishing_rod":36,"minecraft:cobblestone":71,"minecraft:purple_bed":1,"minecraft:smooth_stone":2}},"DataVersion":3120}