{"stats":{"minecraft:killed_by":{"spore:busser":9,"spore:volatile":2,"minecraft:spider":1,"spore:inf_human":2,"spore:inquisitor":1,"spore:inf_pillager":2,"spore:inf_player":2,"spore:inf_villager":1,"minecraft:skeleton":7,"minecraft:zombie":2},"minecraft:custom":{"minecraft:mob_kills":148,"minecraft:interact_with_crafting_table":54,"minecraft:open_barrel":86,"minecraft:damage_dealt_resisted":2,"minecraft:climb_one_cm":245,"minecraft:leave_game":4,"minecraft:time_since_death":23022,"minecraft:sprint_one_cm":781781,"minecraft:walk_one_cm":691751,"minecraft:damage_blocked_by_shield":1730,"minecraft:drop":83,"minecraft:talked_to_villager":1,"minecraft:play_time":310982,"minecraft:sneak_time":17588,"minecraft:deaths":33,"minecraft:walk_under_water_one_cm":27929,"minecraft:boat_one_cm":37576,"minecraft:jump":5476,"minecraft:walk_on_water_one_cm":31856,"minecraft:total_world_time":310982,"minecraft:interact_with_furnace":73,"minecraft:sleep_in_bed":16,"minecraft:time_since_rest":23058,"minecraft:damage_taken":6928,"minecraft:damage_dealt":18898,"minecraft:swim_one_cm":65689,"minecraft:fly_one_cm":901068,"minecraft:player_kills":1,"minecraft:open_chest":82,"minecraft:crouch_one_cm":37033,"minecraft:fall_one_cm":124518,"minecraft:horse_one_cm":2697},"minecraft:dropped":{"apocalypsenow:human_flesh":4,"minecraft:bread":34,"minecraft:iron_ingot":16,"minecraft:iron_sword":1,"minecraft:birch_planks":48,"minecraft:porkchop":14,"minecraft:wheat_seeds":11,"minecraft:oak_log":2,"minecraft:crafting_table":1,"minecraft:feather":2,"minecraft:cobblestone":3,"apocalypsenow:black_football_armor_boots":1,"minecraft:leather":12,"minecraft:golden_apple":2,"minecraft:dirt":8,"minecraft:mutton":14,"tacz:modern_kinetic_gun":4,"minecraft:pumpkin":14,"apocalypsenow:taiga_1_survival_machete":1,"apocalypsenow:chinese_army_helmet":2,"minecraft:stone_axe":1,"minecraft:kelp":9,"minecraft:rotten_flesh":3,"minecraft:oak_planks":48,"spore:mutated_fiber":2,"minecraft:white_bed":1,"minecraft:poppy":3,"minecraft:shield":1,"minecraft:oak_sapling":1,"minecraft:spider_eye":4,"tacz:ammo":134,"minecraft:stone_pickaxe":1,"apocalypsenow:fire_axe":1,"minecraft:beef":13,"firstaid:plaster":1,"minecraft:black_wool":1},"minecraft:broken":{"minecraft:wooden_pickaxe":1,"minecraft:stone_pickaxe":1,"minecraft:stone_axe":1},"minecraft:picked_up":{"minecraft:iron_chestplate":12,"minecraft:crafting_table":11,"spore:mutated_heart":13,"minecraft:wheat":3,"minecraft:azure_bluet":3,"minecraft:chicken":8,"minecraft:wooden_pickaxe":4,"minecraft:shield":8,"minecraft:moss_carpet":4,"minecraft:wooden_sword":2,"minecraft:string":3,"minecraft:raw_copper":264,"minecraft:iron_leggings":12,"tacz:ammo":160,"minecraft:cobbled_deepslate":19,"minecraft:beef":34,"minecraft:red_dye":39,"apocalypsenow:fire_axe":1,"minecraft:azalea":2,"minecraft:sugar_cane":4,"minecraft:poppy":3,"minecraft:chest":13,"minecraft:birch_sapling":5,"minecraft:furnace":1,"minecraft:iron_boots":9,"minecraft:egg":4,"spore:tumor":3,"minecraft:stick":26,"minecraft:raw_iron":136,"minecraft:oak_door":4,"minecraft:copper_ingot":18,"minecraft:torch":28,"minecraft:porkchop":47,"minecraft:diorite":86,"minecraft:carrot":14,"minecraft:redstone":24,"minecraft:stone_sword":3,"minecraft:arrow":92,"minecraft:stone_shovel":1,"minecraft:rotten_flesh":88,"minecraft:hay_block":13,"minecraft:blue_dye":5,"minecraft:iron_block":1,"minecraft:glow_berries":3,"spore:tendons":12,"minecraft:mutton":56,"minecraft:white_wool":34,"minecraft:cobblestone":821,"minecraft:oxeye_daisy":14,"minecraft:birch_log":95,"spore:altered_spleen":2,"minecraft:feather":14,"minecraft:cooked_beef":12,"minecraft:andesite":38,"minecraft:leather":30,"minecraft:potato":21,"minecraft:birch_planks":50,"apocalypsenow:taiga_1_survival_machete":6,"minecraft:flint":6,"apocalypsenow:black_football_armor_leggings":1,"minecraft:oak_log":123,"minecraft:yellow_bed":10,"minecraft:gunpowder":4,"minecraft:lapis_lazuli":32,"apocalypsenow:canned_tomatos":1,"minecraft:dirt":238,"minecraft:cooked_mutton":8,"apocalypsenow:chinese_army_helmet":4,"apocalypsenow:cooked_human_flesh":21,"minecraft:bone":17,"minecraft:apple":5,"apocalypsenow:heavy_machete":2,"minecraft:kelp":9,"minecraft:bow":10,"minecraft:wheat_seeds":105,"apocalypsenow:human_flesh":52,"apocalypsenow:money":1,"minecraft:iron_ingot":27,"minecraft:stone_pickaxe":8,"minecraft:cooked_chicken":49,"spore:mutated_fiber":70,"minecraft:fletching_table":5,"minecraft:glowstone_dust":2,"tacz:gun_smith_table":4,"minecraft:moss_block":5,"minecraft:flowering_azalea":2,"minecraft:iron_sword":16,"minecraft:oak_planks":91,"firstaid:plaster":1,"spore:cerebrum":10,"minecraft:milk_bucket":8,"minecraft:cooked_porkchop":35,"minecraft:pumpkin":48,"spore:armor_fragment":66,"apocalypsenow:black_football_armor_boots":2,"minecraft:gravel":27,"minecraft:sand":64,"minecraft:amethyst_shard":6,"minecraft:white_bed":2,"apocalypsenow:canned_strawberry":2,"minecraft:spider_eye":2,"minecraft:barrel":2,"apocalypsenow:plastic":7,"spore:claw_fragment":6,"minecraft:stone_axe":14,"tacz:modern_kinetic_gun":9,"minecraft:iron_helmet":12,"minecraft:granite":11,"minecraft:bone_meal":18,"minecraft:golden_apple":8,"minecraft:gray_wool":4,"minecraft:emerald":3,"minecraft:bread":221,"apocalypsenow:dead_cockroach":2,"spore:spine_fragment":11,"minecraft:oak_sapling":15,"minecraft:black_wool":2,"minecraft:coal":47},"minecraft:used":{"minecraft:moss_block":2,"minecraft:stone_sword":47,"minecraft:stone_shovel":15,"tacz:gun_smith_table":5,"minecraft:chest":11,"minecraft:shield":54,"minecraft:iron_sword":281,"minecraft:cooked_chicken":1,"minecraft:oak_door":5,"minecraft:iron_chestplate":7,"minecraft:torch":40,"minecraft:dirt":94,"minecraft:carrot":4,"minecraft:granite":1,"apocalypsenow:black_football_armor_boots":2,"minecraft:azure_bluet":2,"minecraft:birch_sapling":4,"minecraft:iron_helmet":5,"minecraft:iron_boots":3,"minecraft:barrel":4,"minecraft:bow":3,"minecraft:oak_sapling":14,"minecraft:furnace":3,"apocalypsenow:taiga_1_survival_machete":18,"minecraft:egg":4,"minecraft:cobbled_deepslate":1,"minecraft:iron_leggings":4,"minecraft:cooked_mutton":1,"minecraft:diorite":3,"minecraft:stone_pickaxe":401,"minecraft:oak_planks":269,"minecraft:wooden_pickaxe":106,"minecraft:fletching_table":1,"apocalypsenow:black_football_armor_leggings":1,"minecraft:golden_apple":1,"minecraft:white_wool":5,"minecraft:glow_berries":8,"minecraft:crafting_table":10,"minecraft:white_bed":1,"minecraft:cod":1,"minecraft:bread":22,"minecraft:iron_pickaxe":5,"minecraft:gravel":3,"minecraft:stone_axe":180,"minecraft:cobblestone":83,"minecraft:birch_log":1,"minecraft:cooked_porkchop":7,"minecraft:yellow_bed":10},"minecraft:crafted":{"minecraft:oak_door":6,"minecraft:oak_planks":448,"minecraft:stone_shovel":2,"minecraft:cooked_chicken":5,"minecraft:furnace":2,"minecraft:cooked_mutton":1,"minecraft:stone_pickaxe":7,"minecraft:chest":4,"minecraft:wheat":117,"minecraft:cooked_porkchop":5,"minecraft:crafting_table":4,"minecraft:wooden_pickaxe":5,"minecraft:copper_ingot":27,"tacz:gun_smith_table":2,"minecraft:birch_planks":127,"minecraft:stone_axe":4,"minecraft:bread":39,"minecraft:air":0,"minecraft:charcoal":3,"minecraft:shield":2,"apocalypsenow:cooked_human_flesh":6,"minecraft:iron_pickaxe":1,"minecraft:stick":60,"minecraft:iron_ingot":54,"minecraft:iron_block":2,"minecraft:stone_sword":2,"minecraft:torch":44},"minecraft:killed":{"apocalypsenow:crawler_3":1,"apocalypsenow:military_01":1,"apocalypsenow:looter_1":1,"spore:braiomil":1,"spore:leaper":1,"apocalypsenow:walker_29":1,"apocalypsenow:runner_39":1,"minecraft:skeleton":8,"apocalypsenow:walker_25":1,"minecraft:chicken":8,"apocalypsenow:runner_41":1,"apocalypsenow:runner_42":2,"apocalypsenow:walker_10":1,"apocalypsenow:walker_33":1,"apocalypsenow:hunter":1,"minecraft:pig":14,"spore:inf_player":6,"minecraft:zombie_villager":1,"apocalypsenow:runner_40":2,"minecraft:iron_golem":1,"apocalypsenow:runner_52":1,"apocalypsenow:walker_11":1,"apocalypsenow:walker_21":1,"apocalypsenow:walker_23":1,"apocalypsenow:walker_7":1,"apocalypsenow:runner_54":1,"minecraft:creeper":1,"apocalypsenow:walker_5":1,"spore:inf_pillager":6,"minecraft:sheep":24,"spore:inf_villager":3,"apocalypsenow:cannibal":2,"minecraft:zombie":12,"spore:inf_human":8,"apocalypsenow:walker_17":2,"apocalypsenow:cockroach":2,"spore:inf_witch":1,"spore:inf_husk":3,"apocalypsenow:walker_28":1,"apocalypsenow:runner_51":1,"apocalypsenow:runner_55":1,"apocalypsenow:walker_6":1,"minecraft:cow":13},"minecraft:mined":{"spore:fungal_roots":2,"spore:wall_growths_big":7,"minecraft:white_bed":1,"minecraft:oak_sapling":1,"spore:wall_growths":2,"minecraft:cave_vines_plant":2,"minecraft:granite":1,"minecraft:grass_block":79,"spore:fungal_stem":5,"minecraft:moss_block":3,"minecraft:kelp":2,"spore:rotten_bush":4,"tacz:gun_smith_table":2,"spore:growths_small":2,"spore:mycelium_veins":8,"minecraft:hay_block":13,"minecraft:tall_seagrass":17,"minecraft:carrots":4,"minecraft:iron_ore":50,"spore:blomfung":1,"minecraft:barrel":2,"minecraft:moss_carpet":2,"minecraft:andesite":18,"minecraft:pumpkin":17,"minecraft:deepslate_lapis_ore":2,"spore:growth_mycelium":3,"minecraft:azure_bluet":2,"minecraft:cave_vines":1,"minecraft:deepslate_iron_ore":9,"minecraft:potatoes":2,"minecraft:dirt_path":5,"minecraft:azalea":1,"minecraft:stone":314,"minecraft:deepslate_redstone_ore":5,"minecraft:flowering_azalea":1,"minecraft:kelp_plant":7,"spore:growths_big":7,"minecraft:crafting_table":8,"minecraft:poppy":1,"minecraft:chest":5,"minecraft:copper_ore":13,"minecraft:tall_grass":238,"minecraft:cobblestone":13,"minecraft:sugar_cane":1,"minecraft:oak_planks":27,"minecraft:diorite":29,"minecraft:seagrass":5,"minecraft:birch_log":55,"spore:bloomfung2":27,"minecraft:wheat":6,"minecraft:birch_leaves":1,"minecraft:yellow_bed":9,"spore:fungal_stem_top":1,"minecraft:grass":161,"minecraft:coal_ore":38,"minecraft:oak_log":115,"minecraft:sand":21,"minecraft:gravel":18,"minecraft:dirt":61,"spore:hanging_fungal_stem":4,"minecraft:deepslate":19,"minecraft:oak_leaves":19,"spore:remains":2}},"DataVersion":3120}