{"stats":{"minecraft:killed_by":{"spore:volatile":2,"spore:inf_human":2,"spore:inquisitor":1,"spore:inf_pillager":3,"spore:spitter":1,"spore:inf_player":2,"spore:inf_villager":1,"minecraft:zombie":2,"spore:busser":9,"minecraft:spider":1,"spore:usurper":1,"minecraft:skeleton":7,"spore:brot":1},"minecraft:custom":{"minecraft:interact_with_crafting_table":64,"minecraft:open_barrel":86,"minecraft:leave_game":4,"minecraft:time_since_death":9616,"minecraft:sprint_one_cm":1004038,"minecraft:damage_blocked_by_shield":1730,"minecraft:drop":86,"minecraft:talked_to_villager":1,"minecraft:play_time":400982,"minecraft:deaths":38,"minecraft:jump":6971,"minecraft:walk_on_water_one_cm":69754,"minecraft:interact_with_furnace":107,"minecraft:sleep_in_bed":16,"minecraft:damage_dealt":21673,"minecraft:player_kills":1,"minecraft:crouch_one_cm":50116,"minecraft:horse_one_cm":2697,"minecraft:mob_kills":162,"minecraft:damage_dealt_resisted":2,"minecraft:climb_one_cm":245,"minecraft:walk_one_cm":828207,"minecraft:sneak_time":24444,"minecraft:walk_under_water_one_cm":117039,"minecraft:boat_one_cm":37576,"minecraft:total_world_time":400982,"minecraft:time_since_rest":9651,"minecraft:damage_taken":8232,"minecraft:swim_one_cm":170305,"minecraft:fly_one_cm":1059102,"minecraft:open_chest":126,"minecraft:fall_one_cm":147277},"minecraft:dropped":{"minecraft:iron_sword":1,"minecraft:porkchop":14,"minecraft:birch_planks":48,"minecraft:oak_log":2,"minecraft:crafting_table":1,"apocalypsenow:black_football_armor_boots":1,"minecraft:leather":12,"minecraft:dirt":8,"minecraft:mutton":14,"minecraft:white_wool":1,"apocalypsenow:chinese_army_helmet":2,"minecraft:stone_axe":1,"minecraft:rotten_flesh":3,"minecraft:oak_planks":48,"minecraft:white_bed":1,"minecraft:poppy":3,"apocalypsenow:fire_axe":1,"minecraft:beef":13,"apocalypsenow:human_flesh":4,"minecraft:iron_ingot":16,"minecraft:bread":34,"minecraft:wheat_seeds":11,"minecraft:feather":2,"minecraft:cobblestone":3,"minecraft:golden_apple":2,"tacz:modern_kinetic_gun":4,"minecraft:pumpkin":14,"minecraft:string":2,"apocalypsenow:taiga_1_survival_machete":1,"minecraft:kelp":9,"spore:mutated_fiber":2,"minecraft:shield":1,"minecraft:oak_sapling":1,"minecraft:spider_eye":4,"tacz:ammo":134,"minecraft:stone_pickaxe":1,"firstaid:plaster":1,"minecraft:black_wool":1},"minecraft:broken":{"minecraft:stone_pickaxe":4,"minecraft:stone_axe":1,"minecraft:wooden_pickaxe":1},"minecraft:picked_up":{"spore:mutated_heart":16,"minecraft:iron_chestplate":12,"minecraft:wheat":3,"minecraft:string":5,"minecraft:raw_copper":284,"minecraft:iron_leggings":12,"minecraft:cobbled_deepslate":19,"minecraft:red_dye":39,"minecraft:azalea":2,"minecraft:iron_pickaxe":1,"minecraft:iron_boots":9,"minecraft:furnace":1,"minecraft:stick":26,"minecraft:torch":71,"minecraft:porkchop":47,"minecraft:diorite":126,"minecraft:stone_sword":4,"minecraft:rotten_flesh":90,"minecraft:iron_block":1,"minecraft:blue_dye":5,"minecraft:cobblestone":1093,"minecraft:birch_log":95,"minecraft:feather":14,"minecraft:cooked_beef":12,"minecraft:andesite":94,"minecraft:potato":21,"apocalypsenow:taiga_1_survival_machete":6,"minecraft:flint":8,"minecraft:lapis_lazuli":58,"minecraft:dirt":283,"apocalypsenow:canned_tomatos":1,"minecraft:bone":17,"minecraft:bow":10,"apocalypsenow:human_flesh":53,"minecraft:wheat_seeds":111,"minecraft:raw_gold":26,"apocalypsenow:heavy_machete":2,"minecraft:fletching_table":5,"minecraft:glowstone_dust":2,"tacz:gun_smith_table":4,"minecraft:moss_block":5,"minecraft:oak_planks":91,"firstaid:plaster":1,"spore:cerebrum":13,"minecraft:cooked_porkchop":35,"spore:armor_fragment":84,"apocalypsenow:black_football_armor_boots":2,"minecraft:sand":70,"apocalypsenow:canned_strawberry":2,"minecraft:barrel":2,"apocalypsenow:plastic":7,"spore:claw_fragment":12,"minecraft:granite":42,"minecraft:bone_meal":18,"minecraft:golden_apple":8,"minecraft:bread":221,"minecraft:emerald":3,"spore:spine_fragment":13,"apocalypsenow:dead_cockroach":2,"minecraft:oak_sapling":15,"minecraft:crafting_table":11,"minecraft:azure_bluet":3,"minecraft:chicken":8,"minecraft:wooden_pickaxe":4,"spore:sickle_fragment":1,"minecraft:shield":9,"minecraft:moss_carpet":4,"minecraft:wooden_sword":2,"tacz:ammo":160,"minecraft:beef":34,"apocalypsenow:fire_axe":1,"minecraft:poppy":3,"minecraft:sugar_cane":4,"minecraft:chest":13,"minecraft:birch_sapling":5,"minecraft:egg":4,"minecraft:raw_iron":163,"spore:tumor":3,"minecraft:oak_door":35,"minecraft:copper_ingot":18,"minecraft:carrot":14,"minecraft:redstone":24,"minecraft:arrow":92,"minecraft:stone_shovel":1,"minecraft:hay_block":13,"spore:tendons":12,"minecraft:glow_berries":3,"minecraft:mutton":57,"minecraft:white_wool":35,"minecraft:oxeye_daisy":14,"spore:altered_spleen":2,"spore:rooted_biomass":2,"minecraft:leather":30,"minecraft:birch_planks":50,"apocalypsenow:black_football_armor_leggings":2,"minecraft:oak_log":139,"minecraft:yellow_bed":10,"minecraft:gunpowder":4,"minecraft:cooked_mutton":8,"apocalypsenow:chinese_army_helmet":4,"apocalypsenow:cooked_human_flesh":26,"minecraft:apple":5,"minecraft:kelp":9,"apocalypsenow:money":1,"minecraft:iron_ingot":27,"minecraft:stone_pickaxe":10,"minecraft:cooked_chicken":49,"spore:mutated_fiber":80,"minecraft:iron_sword":16,"minecraft:flowering_azalea":2,"minecraft:milk_bucket":8,"minecraft:pumpkin":48,"minecraft:dandelion":1,"minecraft:gravel":29,"minecraft:amethyst_shard":6,"minecraft:white_bed":2,"minecraft:spider_eye":2,"minecraft:stone_axe":15,"tacz:modern_kinetic_gun":10,"minecraft:iron_helmet":12,"minecraft:gray_wool":4,"minecraft:black_wool":2,"minecraft:coal":76},"minecraft:used":{"minecraft:moss_block":2,"minecraft:chest":13,"minecraft:shield":54,"minecraft:iron_sword":281,"minecraft:iron_chestplate":7,"minecraft:mutton":1,"minecraft:carrot":4,"apocalypsenow:black_football_armor_boots":2,"minecraft:azure_bluet":2,"minecraft:birch_sapling":4,"minecraft:iron_helmet":5,"minecraft:bow":3,"minecraft:furnace":3,"minecraft:oak_sapling":14,"minecraft:egg":4,"apocalypsenow:cooked_human_flesh":5,"minecraft:diorite":5,"minecraft:stone_pickaxe":783,"minecraft:oak_planks":269,"minecraft:wooden_pickaxe":106,"minecraft:white_wool":5,"minecraft:golden_apple":1,"minecraft:glow_berries":8,"minecraft:sand":3,"minecraft:bread":22,"minecraft:gravel":3,"minecraft:andesite":4,"minecraft:birch_log":1,"minecraft:stone_sword":106,"minecraft:stone_shovel":15,"tacz:gun_smith_table":5,"minecraft:cooked_chicken":1,"minecraft:oak_door":38,"minecraft:torch":66,"minecraft:dirt":114,"minecraft:granite":2,"minecraft:iron_boots":3,"minecraft:barrel":4,"apocalypsenow:taiga_1_survival_machete":18,"minecraft:cobbled_deepslate":1,"minecraft:iron_leggings":4,"minecraft:cooked_mutton":1,"minecraft:fletching_table":1,"apocalypsenow:black_football_armor_leggings":1,"minecraft:crafting_table":10,"minecraft:white_bed":1,"minecraft:cod":1,"minecraft:iron_pickaxe":28,"minecraft:stone_axe":211,"minecraft:cobblestone":97,"minecraft:cooked_porkchop":7,"spore:rooted_biomass":1,"minecraft:yellow_bed":10,"minecraft:dandelion":1},"minecraft:crafted":{"minecraft:oak_planks":512,"minecraft:cooked_chicken":5,"minecraft:cooked_mutton":1,"minecraft:glass":12,"minecraft:chest":6,"minecraft:cooked_porkchop":5,"minecraft:crafting_table":4,"minecraft:wooden_pickaxe":5,"minecraft:copper_ingot":27,"minecraft:birch_planks":127,"minecraft:charcoal":21,"minecraft:shield":2,"minecraft:stick":72,"minecraft:iron_ingot":81,"minecraft:iron_pickaxe":1,"minecraft:iron_block":2,"minecraft:stone_sword":2,"minecraft:gold_ingot":22,"minecraft:oak_door":6,"minecraft:stone_shovel":2,"minecraft:furnace":2,"minecraft:stone_pickaxe":11,"minecraft:wheat":117,"travelersbackpack:backpack_tank":2,"tacz:gun_smith_table":2,"minecraft:stone_axe":4,"minecraft:bread":39,"minecraft:air":0,"apocalypsenow:cooked_human_flesh":7,"minecraft:torch":92},"minecraft:killed":{"apocalypsenow:crawler_3":1,"spore:braiomil":1,"minecraft:spider":2,"spore:leaper":1,"apocalypsenow:walker_29":1,"minecraft:skeleton":8,"apocalypsenow:walker_25":2,"minecraft:chicken":8,"apocalypsenow:runner_42":2,"apocalypsenow:runner_41":1,"spore:spitter":1,"minecraft:pig":14,"spore:inf_player":6,"minecraft:zombie_villager":1,"minecraft:iron_golem":1,"apocalypsenow:walker_11":1,"apocalypsenow:walker_23":1,"apocalypsenow:walker_7":1,"apocalypsenow:runner_54":1,"minecraft:creeper":1,"apocalypsenow:walker_5":1,"minecraft:sheep":25,"spore:inf_villager":7,"spore:inf_human":11,"minecraft:zombie":13,"apocalypsenow:cockroach":2,"spore:knight":1,"apocalypsenow:runner_55":1,"apocalypsenow:walker_6":1,"minecraft:cow":13,"apocalypsenow:military_01":1,"apocalypsenow:looter_1":1,"apocalypsenow:runner_39":1,"apocalypsenow:walker_10":1,"apocalypsenow:walker_33":1,"apocalypsenow:hunter":1,"apocalypsenow:runner_40":2,"apocalypsenow:runner_52":1,"apocalypsenow:walker_21":1,"spore:inf_pillager":6,"apocalypsenow:cannibal":2,"apocalypsenow:walker_17":2,"spore:inf_witch":1,"spore:inf_husk":4,"apocalypsenow:walker_28":1,"apocalypsenow:runner_51":1,"spore:slasher":2},"minecraft:mined":{"spore:fungal_roots":5,"minecraft:white_bed":1,"minecraft:oak_sapling":1,"spore:wall_growths":2,"minecraft:cave_vines_plant":2,"minecraft:granite":32,"minecraft:grass_block":108,"spore:fungal_stem":5,"tacz:gun_smith_table":2,"spore:mycelium_veins":8,"minecraft:tall_seagrass":23,"minecraft:iron_ore":77,"minecraft:barrel":2,"minecraft:pumpkin":17,"minecraft:moss_carpet":2,"minecraft:deepslate_lapis_ore":2,"spore:growth_mycelium":3,"minecraft:azure_bluet":2,"minecraft:cave_vines":1,"minecraft:dirt_path":5,"minecraft:azalea":1,"minecraft:deepslate_redstone_ore":5,"minecraft:kelp_plant":7,"spore:growths_big":7,"minecraft:poppy":1,"minecraft:chest":5,"minecraft:cobblestone":16,"minecraft:oak_planks":27,"minecraft:sugar_cane":1,"minecraft:wall_torch":1,"minecraft:seagrass":9,"minecraft:birch_log":55,"minecraft:wheat":6,"minecraft:grass":180,"minecraft:oak_log":131,"minecraft:sand":27,"minecraft:dirt":77,"spore:hanging_fungal_stem":4,"minecraft:oak_leaves":24,"spore:remains":2,"minecraft:deepslate":19,"spore:wall_growths_big":7,"minecraft:oak_door":31,"spore:rooted_biomass":2,"spore:rotten_bush":4,"minecraft:kelp":2,"minecraft:moss_block":3,"spore:growths_small":2,"minecraft:hay_block":13,"minecraft:carrots":4,"spore:blomfung":1,"minecraft:andesite":58,"minecraft:potatoes":2,"minecraft:deepslate_iron_ore":9,"minecraft:stone":528,"minecraft:flowering_azalea":1,"minecraft:dandelion":1,"minecraft:crafting_table":8,"minecraft:tall_grass":287,"minecraft:copper_ore":17,"minecraft:deepslate_gold_ore":2,"minecraft:lapis_ore":5,"minecraft:diorite":59,"spore:bloomfung2":27,"minecraft:birch_leaves":2,"minecraft:yellow_bed":9,"spore:fungal_stem_top":1,"minecraft:coal_ore":67,"minecraft:gravel":22,"minecraft:gold_ore":20}},"DataVersion":3120}