{"stats":{"minecraft:killed_by":{"spore:volatile":1},"minecraft:mined":{"minecraft:snow":2,"minecraft:spruce_log":7,"minecraft:powder_snow":14,"minecraft:crafting_table":1,"minecraft:grass":2,"minecraft:grass_block":6,"minecraft:coal_ore":13,"minecraft:dirt":8,"minecraft:copper_ore":4,"minecraft:spruce_leaves":3,"minecraft:stone":12},"minecraft:killed":{"spore:inf_pillager":1,"minecraft:spider":3,"minecraft:creeper":1},"minecraft:used":{"minecraft:stone_sword":36,"minecraft:stone_shovel":11,"minecraft:stone_pickaxe":14,"minecraft:wooden_pickaxe":15,"minecraft:stone_axe":1,"minecraft:torch":2,"minecraft:dirt":21,"minecraft:crafting_table":1,"minecraft:spider_eye":1},"minecraft:picked_up":{"minecraft:stick":5,"minecraft:crafting_table":1,"minecraft:spruce_sapling":7,"minecraft:spruce_log":7,"minecraft:spider_eye":1,"minecraft:string":1,"minecraft:dirt":21,"minecraft:raw_copper":14,"minecraft:bone":1,"minecraft:coal":13,"minecraft:snowball":3,"minecraft:cobblestone":14},"minecraft:custom":{"minecraft:time_since_rest":1,"minecraft:sprint_one_cm":36976,"minecraft:damage_taken":290,"minecraft:walk_one_cm":44003,"minecraft:mob_kills":5,"minecraft:drop":1,"minecraft:damage_dealt":1574,"minecraft:interact_with_crafting_table":2,"minecraft:swim_one_cm":3073,"minecraft:fly_one_cm":25268,"minecraft:crouch_one_cm":3322,"minecraft:play_time":32319,"minecraft:deaths":1,"minecraft:sneak_time":1416,"minecraft:walk_under_water_one_cm":810,"minecraft:jump":318,"minecraft:time_since_death":292,"minecraft:leave_game":2,"minecraft:walk_on_water_one_cm":1943,"minecraft:total_world_time":32319,"minecraft:fall_one_cm":5246},"minecraft:crafted":{"minecraft:stone_shovel":1,"minecraft:crafting_table":1,"minecraft:spruce_planks":28,"minecraft:stick":8,"minecraft:wooden_pickaxe":1,"minecraft:stone_pickaxe":1,"minecraft:stone_sword":1,"minecraft:torch":12,"minecraft:stone_axe":1},"minecraft:dropped":{"minecraft:spruce_sapling":1}},"DataVersion":3120}