{"stats":{"minecraft:killed":{"spore:inf_hazmat":6,"minecraft:spider":10,"spore:inf_player":2,"minecraft:creeper":1,"spore:inf_pillager":2,"spore:inf_villager":1,"minecraft:zombie":1,"spore:inf_human":2},"minecraft:mined":{"minecraft:spruce_planks":2,"minecraft:white_bed":1,"minecraft:brewing_stand":1,"spore:lab_block3":1,"minecraft:lever":1,"minecraft:grass_block":20,"minecraft:white_stained_glass":2,"minecraft:coal_block":16,"minecraft:birch_slab":1,"minecraft:spruce_leaves":5,"minecraft:smooth_stone":1,"minecraft:furnace":4,"minecraft:carrots":1,"minecraft:iron_ore":1,"minecraft:snow":2,"spore:cdu":2,"minecraft:lantern":1,"minecraft:packed_ice":2,"minecraft:stone":24,"minecraft:iron_block":2,"minecraft:spruce_slab":2,"spore:lab_block":1,"minecraft:smithing_table":2,"minecraft:red_bed":2,"spore:vent_door":2,"minecraft:snow_block":1,"minecraft:amethyst_cluster":3,"minecraft:polished_blackstone_brick_wall":1,"minecraft:spruce_door":2,"minecraft:powder_snow":71,"minecraft:crafting_table":2,"minecraft:chest":13,"minecraft:copper_ore":4,"minecraft:grindstone":1,"minecraft:blue_bed":1,"minecraft:wall_torch":2,"minecraft:blue_ice":18,"minecraft:white_carpet":11,"minecraft:spruce_log":21,"minecraft:grass":3,"minecraft:coal_ore":57,"minecraft:dirt":22,"minecraft:cobweb":1,"minecraft:stonecutter":1,"minecraft:polished_blackstone":1,"spore:iron_ladder":3},"minecraft:picked_up":{"minecraft:charcoal":48,"minecraft:crafting_table":2,"minecraft:wheat":1,"minecraft:splash_potion":1,"minecraft:smithing_table":2,"minecraft:packed_ice":234,"spore:lab_block3":2,"minecraft:brewing_stand":1,"minecraft:shield":1,"minecraft:string":11,"minecraft:red_bed":2,"minecraft:raw_copper":14,"minecraft:white_carpet":11,"minecraft:smooth_stone":1,"spore:ice_canister":58,"minecraft:spruce_planks":2,"minecraft:spruce_slab":1,"minecraft:sugar_cane":6,"minecraft:coal_block":35,"minecraft:chest":13,"minecraft:iron_boots":1,"minecraft:furnace":4,"minecraft:stick":6,"minecraft:raw_iron":1,"minecraft:copper_ingot":14,"minecraft:torch":2,"minecraft:snow_block":119,"minecraft:carrot":3,"spore:iron_ladder":2,"minecraft:deepslate_bricks":2,"minecraft:iron_block":5,"minecraft:polished_blackstone":1,"minecraft:snowball":7,"minecraft:cobblestone":30,"spore:cdu":2,"minecraft:cooked_beef":6,"minecraft:birch_slab":1,"minecraft:potato":3,"minecraft:ice":136,"minecraft:stripped_spruce_wood":2,"minecraft:dirt":49,"minecraft:blue_bed":1,"minecraft:lantern":1,"apocalypsenow:cooked_human_flesh":2,"minecraft:bone":3,"minecraft:stonecutter":1,"minecraft:grindstone":1,"minecraft:cooked_chicken":4,"minecraft:iron_sword":1,"spore:vent_door":3,"minecraft:milk_bucket":1,"minecraft:amethyst_shard":6,"minecraft:spruce_sapling":8,"minecraft:blast_furnace":1,"minecraft:white_bed":1,"minecraft:spruce_log":21,"minecraft:spider_eye":2,"minecraft:spruce_door":2,"spore:vent_plate":12,"minecraft:lever":1,"minecraft:blue_ice":288,"minecraft:golden_apple":1,"minecraft:polished_blackstone_brick_wall":1,"minecraft:coal":148},"minecraft:crafted":{"minecraft:coal":288,"minecraft:stone_shovel":1,"minecraft:spruce_slab":6,"minecraft:stone_pickaxe":1,"minecraft:chest":2,"minecraft:crafting_table":1,"minecraft:spruce_planks":92,"minecraft:wooden_pickaxe":1,"minecraft:spruce_door":3,"minecraft:stone_axe":1,"minecraft:air":0,"minecraft:stick":8,"minecraft:iron_ingot":45,"apocalypsenow:cooked_human_flesh":7,"minecraft:iron_block":1,"minecraft:stone_sword":1,"minecraft:torch":12},"minecraft:dropped":{"minecraft:cooked_beef":2,"minecraft:stick":1,"tombstone:grave_dust":1,"minecraft:string":1,"minecraft:spruce_sapling":1,"spore:iron_ladder":1,"minecraft:sugar_cane":6,"apocalypsenow:cooked_human_flesh":4},"minecraft:custom":{"minecraft:interact_with_smithing_table":1,"minecraft:mob_kills":25,"minecraft:interact_with_crafting_table":8,"minecraft:open_barrel":7,"minecraft:leave_game":3,"minecraft:time_since_death":48611,"minecraft:climb_one_cm":18361,"minecraft:sprint_one_cm":291007,"minecraft:walk_one_cm":272147,"minecraft:drop":11,"minecraft:talked_to_villager":6,"minecraft:play_time":103021,"minecraft:deaths":5,"minecraft:sneak_time":6332,"minecraft:walk_under_water_one_cm":7949,"minecraft:jump":1670,"minecraft:walk_on_water_one_cm":20778,"minecraft:total_world_time":103021,"minecraft:interact_with_furnace":10,"minecraft:time_since_rest":47560,"minecraft:open_enderchest":2,"minecraft:damage_taken":2213,"minecraft:damage_absorbed":40,"minecraft:damage_dealt":4791,"minecraft:swim_one_cm":14166,"minecraft:fly_one_cm":374914,"minecraft:open_chest":61,"minecraft:crouch_one_cm":14274,"tombstone:undead_killed":1,"minecraft:fall_one_cm":30963},"minecraft:killed_by":{"spore:inf_hazmat":3,"spore:volatile":1,"spore:spitter":1},"minecraft:used":{"minecraft:stone_sword":125,"minecraft:stone_shovel":35,"minecraft:spruce_slab":4,"minecraft:chest":15,"minecraft:spruce_planks":25,"minecraft:cooked_chicken":2,"minecraft:torch":2,"spore:vent_door":1,"minecraft:dirt":46,"minecraft:white_carpet":11,"spore:lab_block3":1,"minecraft:carrot":5,"minecraft:snowball":9,"minecraft:packed_ice":96,"minecraft:lantern":1,"minecraft:iron_helmet":1,"minecraft:iron_boots":1,"minecraft:bow":8,"minecraft:furnace":4,"tombstone:gift":2,"minecraft:cooked_beef":4,"minecraft:iron_leggings":1,"apocalypsenow:cooked_human_flesh":5,"minecraft:spruce_door":1,"minecraft:stone_pickaxe":123,"minecraft:wooden_pickaxe":15,"minecraft:stonecutter":1,"minecraft:blue_bed":1,"minecraft:golden_apple":1,"minecraft:sand":1,"minecraft:crafting_table":3,"minecraft:red_bed":2,"minecraft:blast_furnace":1,"minecraft:spider_eye":1,"minecraft:blue_ice":20,"minecraft:lever":1,"minecraft:bread":3,"spore:iron_ladder":1,"minecraft:stone_axe":45,"minecraft:cobblestone":8,"minecraft:smithing_table":2,"minecraft:ice":10}},"DataVersion":3120}